instance,maxRuntime,variableSelection,valueSelection,restarts,solutionsOverTime,isOptimal,runtime,nodes,fails,restarts,args
data/xcsp/cop23/AircraftAssemblyLine-1-178-70-1_c23.xml.lzma,1800,(varsel=DOMWDEG;flushRate=2147483647),(valsel=MIN;best=Best;bestFreq=1;last=true),(pol=NONE;cutoff=0;offset=0;geo=1.0;resetOnSolution=false),,false,1800.007,218727,218608,0,-f -varh DOMWDEG -last -lc 1 -best Best -bestRate 1 -restarts NONE;0;1.0;0;false -limit 00h30m00s data/xcsp/cop23/AircraftAssemblyLine-1-178-70-1_c23.xml.lzma
data/xcsp/cop23/AircraftAssemblyLine-1-178-70-2_c23.xml.lzma,1800,(varsel=DOMWDEG;flushRate=2147483647),(valsel=MIN;best=Best;bestFreq=1;last=true),(pol=NONE;cutoff=0;offset=0;geo=1.0;resetOnSolution=false),(obj:14;t:676.310;nodes:35588;fails:35376;restarts:0),false,1800.007,3842671,3842528,0,-f -varh DOMWDEG -last -lc 1 -best Best -bestRate 1 -restarts NONE;0;1.0;0;false -limit 00h30m00s data/xcsp/cop23/AircraftAssemblyLine-1-178-70-2_c23.xml.lzma
data/xcsp/cop23/AircraftAssemblyLine-1-178-70-0_c23.xml.lzma,1800,(varsel=DOMWDEG;flushRate=2147483647),(valsel=MIN;best=Best;bestFreq=1;last=true),(pol=NONE;cutoff=0;offset=0;geo=1.0;resetOnSolution=false),,false,1800.025,241971,241870,0,-f -varh DOMWDEG -last -lc 1 -best Best -bestRate 1 -restarts NONE;0;1.0;0;false -limit 00h30m00s data/xcsp/cop23/AircraftAssemblyLine-1-178-70-0_c23.xml.lzma
data/xcsp/cop23/AircraftAssemblyLine-2-178-50-0_c23.xml.lzma,1800,(varsel=DOMWDEG;flushRate=2147483647),(valsel=MIN;best=Best;bestFreq=1;last=true),(pol=NONE;cutoff=0;offset=0;geo=1.0;resetOnSolution=false),,false,1800.013,4834138,4833937,0,-f -varh DOMWDEG -last -lc 1 -best Best -bestRate 1 -restarts NONE;0;1.0;0;false -limit 00h30m00s data/xcsp/cop23/AircraftAssemblyLine-2-178-50-0_c23.xml.lzma
data/xcsp/cop23/AircraftAssemblyLine-1-178-50-2_c23.xml.lzma,1800,(varsel=DOMWDEG;flushRate=2147483647),(valsel=MIN;best=Best;bestFreq=1;last=true),(pol=NONE;cutoff=0;offset=0;geo=1.0;resetOnSolution=false),,false,1800.010,80476,80379,0,-f -varh DOMWDEG -last -lc 1 -best Best -bestRate 1 -restarts NONE;0;1.0;0;false -limit 00h30m00s data/xcsp/cop23/AircraftAssemblyLine-1-178-50-2_c23.xml.lzma
data/xcsp/cop23/AircraftAssemblyLine-1-178-50-1_c23.xml.lzma,1800,(varsel=DOMWDEG;flushRate=2147483647),(valsel=MIN;best=Best;bestFreq=1;last=true),(pol=NONE;cutoff=0;offset=0;geo=1.0;resetOnSolution=false),,false,1800.089,54669,54632,0,-f -varh DOMWDEG -last -lc 1 -best Best -bestRate 1 -restarts NONE;0;1.0;0;false -limit 00h30m00s data/xcsp/cop23/AircraftAssemblyLine-1-178-50-1_c23.xml.lzma
data/xcsp/cop23/AircraftAssemblyLine-1-178-20-1_c23.xml.lzma,1800,(varsel=DOMWDEG;flushRate=2147483647),(valsel=MIN;best=Best;bestFreq=1;last=true),(pol=NONE;cutoff=0;offset=0;geo=1.0;resetOnSolution=false),,false,1800.007,205877,205734,0,-f -varh DOMWDEG -last -lc 1 -best Best -bestRate 1 -restarts NONE;0;1.0;0;false -limit 00h30m00s data/xcsp/cop23/AircraftAssemblyLine-1-178-20-1_c23.xml.lzma
data/xcsp/cop23/AircraftAssemblyLine-1-178-20-2_c23.xml.lzma,1800,(varsel=DOMWDEG;flushRate=2147483647),(valsel=MIN;best=Best;bestFreq=1;last=true),(pol=NONE;cutoff=0;offset=0;geo=1.0;resetOnSolution=false),,false,1800.090,70439,70355,0,-f -varh DOMWDEG -last -lc 1 -best Best -bestRate 1 -restarts NONE;0;1.0;0;false -limit 00h30m00s data/xcsp/cop23/AircraftAssemblyLine-1-178-20-2_c23.xml.lzma
data/xcsp/cop23/AircraftAssemblyLine-2-178-20-1_c23.xml.lzma,1800,(varsel=DOMWDEG;flushRate=2147483647),(valsel=MIN;best=Best;bestFreq=1;last=true),(pol=NONE;cutoff=0;offset=0;geo=1.0;resetOnSolution=false),,false,1800.005,5265093,5264855,0,-f -varh DOMWDEG -last -lc 1 -best Best -bestRate 1 -restarts NONE;0;1.0;0;false -limit 00h30m00s data/xcsp/cop23/AircraftAssemblyLine-2-178-20-1_c23.xml.lzma
data/xcsp/cop23/AircraftAssemblyLine-2-178-20-0_c23.xml.lzma,1800,(varsel=DOMWDEG;flushRate=2147483647),(valsel=MIN;best=Best;bestFreq=1;last=true),(pol=NONE;cutoff=0;offset=0;geo=1.0;resetOnSolution=false),,false,1800.053,167506,167297,0,-f -varh DOMWDEG -last -lc 1 -best Best -bestRate 1 -restarts NONE;0;1.0;0;false -limit 00h30m00s data/xcsp/cop23/AircraftAssemblyLine-2-178-20-0_c23.xml.lzma
data/xcsp/cop23/AircraftAssemblyLine-1-178-20-0_c23.xml.lzma,1800,(varsel=DOMWDEG;flushRate=2147483647),(valsel=MIN;best=Best;bestFreq=1;last=true),(pol=NONE;cutoff=0;offset=0;geo=1.0;resetOnSolution=false),,false,1800.211,12048,11907,0,-f -varh DOMWDEG -last -lc 1 -best Best -bestRate 1 -restarts NONE;0;1.0;0;false -limit 00h30m00s data/xcsp/cop23/AircraftAssemblyLine-1-178-20-0_c23.xml.lzma
data/xcsp/cop23/AircraftAssemblyLine-2-178-20-2_c23.xml.lzma,1800,(varsel=DOMWDEG;flushRate=2147483647),(valsel=MIN;best=Best;bestFreq=1;last=true),(pol=NONE;cutoff=0;offset=0;geo=1.0;resetOnSolution=false),,false,1800.021,96837,96605,0,-f -varh DOMWDEG -last -lc 1 -best Best -bestRate 1 -restarts NONE;0;1.0;0;false -limit 00h30m00s data/xcsp/cop23/AircraftAssemblyLine-2-178-20-2_c23.xml.lzma
data/xcsp/cop23/AircraftAssemblyLine-1-178-00-0_c23.xml.lzma,1800,(varsel=DOMWDEG;flushRate=2147483647),(valsel=MIN;best=Best;bestFreq=1;last=true),(pol=NONE;cutoff=0;offset=0;geo=1.0;resetOnSolution=false),,false,1800.059,34996,34877,0,-f -varh DOMWDEG -last -lc 1 -best Best -bestRate 1 -restarts NONE;0;1.0;0;false -limit 00h30m00s data/xcsp/cop23/AircraftAssemblyLine-1-178-00-0_c23.xml.lzma
data/xcsp/cop23/AircraftAssemblyLine-1-178-50-0_c23.xml.lzma,1800,(varsel=DOMWDEG;flushRate=2147483647),(valsel=MIN;best=Best;bestFreq=1;last=true),(pol=NONE;cutoff=0;offset=0;geo=1.0;resetOnSolution=false),,false,1801.898,69760,69698,0,-f -varh DOMWDEG -last -lc 1 -best Best -bestRate 1 -restarts NONE;0;1.0;0;false -limit 00h30m00s data/xcsp/cop23/AircraftAssemblyLine-1-178-50-0_c23.xml.lzma
data/xcsp/cop23/AircraftAssemblyLine-2-178-00-0_c23.xml.lzma,1800,(varsel=DOMWDEG;flushRate=2147483647),(valsel=MIN;best=Best;bestFreq=1;last=true),(pol=NONE;cutoff=0;offset=0;geo=1.0;resetOnSolution=false),,false,1800.009,1494919,1494671,0,-f -varh DOMWDEG -last -lc 1 -best Best -bestRate 1 -restarts NONE;0;1.0;0;false -limit 00h30m00s data/xcsp/cop23/AircraftAssemblyLine-2-178-00-0_c23.xml.lzma
data/xcsp/cop23/BeerJugs-dec-01_c23.xml.lzma,1800,(varsel=DOMWDEG;flushRate=2147483647),(valsel=MIN;best=Best;bestFreq=1;last=true),(pol=NONE;cutoff=0;offset=0;geo=1.0;resetOnSolution=false),(obj:24;t:1.264;nodes:24;fails:0;restarts:0)(obj:25;t:3.893;nodes:451;fails:433;restarts:0),true,28.720,7810,7807,0,-f -varh DOMWDEG -last -lc 1 -best Best -bestRate 1 -restarts NONE;0;1.0;0;false -limit 00h30m00s data/xcsp/cop23/BeerJugs-dec-01_c23.xml.lzma
data/xcsp/cop23/BeerJugs-dec-05_c23.xml.lzma,1800,(varsel=DOMWDEG;flushRate=2147483647),(valsel=MIN;best=Best;bestFreq=1;last=true),(pol=NONE;cutoff=0;offset=0;geo=1.0;resetOnSolution=false),(obj:4;t:0.900;nodes:7;fails:0;restarts:0)(obj:5;t:1.054;nodes:11;fails:2;restarts:0)(obj:6;t:1.167;nodes:16;fails:4;restarts:0)(obj:7;t:1.167;nodes:18;fails:4;restarts:0)(obj:8;t:1.335;nodes:23;fails:5;restarts:0)(obj:9;t:1.473;nodes:27;fails:7;restarts:0)(obj:10;t:1.596;nodes:33;fails:10;restarts:0)(obj:11;t:1.689;nodes:36;fails:10;restarts:0)(obj:12;t:1.776;nodes:39;fails:10;restarts:0)(obj:13;t:1.892;nodes:42;fails:10;restarts:0)(obj:14;t:1.987;nodes:46;fails:10;restarts:0)(obj:15;t:2.075;nodes:49;fails:10;restarts:0)(obj:16;t:2.175;nodes:52;fails:10;restarts:0)(obj:17;t:2.325;nodes:55;fails:10;restarts:0)(obj:18;t:2.401;nodes:58;fails:10;restarts:0)(obj:19;t:2.475;nodes:61;fails:10;restarts:0)(obj:20;t:2.581;nodes:64;fails:10;restarts:0)(obj:21;t:2.661;nodes:67;fails:10;restarts:0)(obj:22;t:2.733;nodes:70;fails:10;restarts:0)(obj:23;t:2.827;nodes:73;fails:10;restarts:0)(obj:24;t:2.906;nodes:76;fails:10;restarts:0)(obj:25;t:2.979;nodes:79;fails:10;restarts:0)(obj:26;t:3.042;nodes:82;fails:10;restarts:0)(obj:27;t:3.171;nodes:85;fails:10;restarts:0)(obj:28;t:3.266;nodes:88;fails:10;restarts:0)(obj:29;t:3.362;nodes:91;fails:10;restarts:0)(obj:30;t:3.423;nodes:95;fails:10;restarts:0)(obj:31;t:3.486;nodes:98;fails:10;restarts:0)(obj:32;t:3.541;nodes:101;fails:10;restarts:0)(obj:33;t:3.598;nodes:104;fails:10;restarts:0)(obj:34;t:3.687;nodes:107;fails:10;restarts:0)(obj:35;t:3.759;nodes:110;fails:10;restarts:0)(obj:36;t:3.851;nodes:115;fails:10;restarts:0)(obj:37;t:3.852;nodes:117;fails:10;restarts:0),true,518.054,68632,68565,0,-f -varh DOMWDEG -last -lc 1 -best Best -bestRate 1 -restarts NONE;0;1.0;0;false -limit 00h30m00s data/xcsp/cop23/BeerJugs-dec-05_c23.xml.lzma
data/xcsp/cop23/Benzenoide-08_c23.xml.lzma,1800,(varsel=DOMWDEG;flushRate=2147483647),(valsel=MIN;best=Best;bestFreq=1;last=true),(pol=NONE;cutoff=0;offset=0;geo=1.0;resetOnSolution=false),(obj:137;t:375.976;nodes:99;fails:58;restarts:0)(obj:123;t:375.978;nodes:101;fails:60;restarts:0)(obj:122;t:375.987;nodes:115;fails:79;restarts:0)(obj:121;t:376.003;nodes:128;fails:91;restarts:0)(obj:120;t:376.004;nodes:131;fails:92;restarts:0)(obj:119;t:376.010;nodes:137;fails:100;restarts:0)(obj:117;t:376.048;nodes:168;fails:127;restarts:0)(obj:110;t:376.520;nodes:427;fails:385;restarts:0)(obj:107;t:376.542;nodes:460;fails:414;restarts:0)(obj:106;t:376.697;nodes:601;fails:560;restarts:0)(obj:101;t:383.720;nodes:2237;fails:2192;restarts:0),true,536.954,30805,30784,0,-f -varh DOMWDEG -last -lc 1 -best Best -bestRate 1 -restarts NONE;0;1.0;0;false -limit 00h30m00s data/xcsp/cop23/Benzenoide-08_c23.xml.lzma
data/xcsp/cop23/BeerJugs-dec-03_c23.xml.lzma,1800,(varsel=DOMWDEG;flushRate=2147483647),(valsel=MIN;best=Best;bestFreq=1;last=true),(pol=NONE;cutoff=0;offset=0;geo=1.0;resetOnSolution=false),(obj:4;t:1.064;nodes:7;fails:0;restarts:0)(obj:5;t:1.242;nodes:11;fails:2;restarts:0)(obj:6;t:1.439;nodes:15;fails:4;restarts:0)(obj:7;t:1.596;nodes:18;fails:4;restarts:0)(obj:8;t:1.759;nodes:22;fails:4;restarts:0)(obj:9;t:1.893;nodes:26;fails:6;restarts:0)(obj:10;t:2.079;nodes:30;fails:8;restarts:0)(obj:11;t:2.194;nodes:33;fails:8;restarts:0)(obj:12;t:2.434;nodes:37;fails:8;restarts:0)(obj:13;t:2.599;nodes:40;fails:8;restarts:0)(obj:14;t:2.735;nodes:43;fails:8;restarts:0)(obj:15;t:2.889;nodes:46;fails:8;restarts:0)(obj:16;t:3.020;nodes:49;fails:8;restarts:0)(obj:17;t:3.155;nodes:52;fails:8;restarts:0)(obj:18;t:3.275;nodes:55;fails:8;restarts:0)(obj:19;t:3.427;nodes:58;fails:8;restarts:0)(obj:20;t:3.538;nodes:61;fails:8;restarts:0)(obj:21;t:3.637;nodes:64;fails:8;restarts:0)(obj:22;t:3.711;nodes:67;fails:8;restarts:0)(obj:23;t:3.814;nodes:70;fails:8;restarts:0)(obj:24;t:3.891;nodes:73;fails:8;restarts:0)(obj:25;t:3.997;nodes:76;fails:8;restarts:0)(obj:26;t:4.089;nodes:79;fails:8;restarts:0)(obj:27;t:4.155;nodes:82;fails:8;restarts:0)(obj:28;t:4.225;nodes:85;fails:8;restarts:0)(obj:29;t:4.294;nodes:88;fails:8;restarts:0)(obj:30;t:4.355;nodes:91;fails:8;restarts:0)(obj:31;t:4.454;nodes:94;fails:8;restarts:0)(obj:32;t:4.518;nodes:97;fails:8;restarts:0)(obj:33;t:4.623;nodes:100;fails:8;restarts:0)(obj:34;t:4.723;nodes:103;fails:8;restarts:0)(obj:35;t:4.777;nodes:106;fails:8;restarts:0)(obj:36;t:4.834;nodes:110;fails:8;restarts:0)(obj:37;t:4.889;nodes:113;fails:8;restarts:0),true,592.121,91653,91586,0,-f -varh DOMWDEG -last -lc 1 -best Best -bestRate 1 -restarts NONE;0;1.0;0;false -limit 00h30m00s data/xcsp/cop23/BeerJugs-dec-03_c23.xml.lzma
data/xcsp/cop23/Benzenoide-11_c23.xml.lzma,1800,(varsel=DOMWDEG;flushRate=2147483647),(valsel=MIN;best=Best;bestFreq=1;last=true),(pol=NONE;cutoff=0;offset=0;geo=1.0;resetOnSolution=false),,false,0.000,0,0,0,-f -varh DOMWDEG -last -lc 1 -best Best -bestRate 1 -restarts NONE;0;1.0;0;false -limit 00h30m00s data/xcsp/cop23/Benzenoide-11_c23.xml.lzma
c Unexpected resolution interruption!data/xcsp/cop23/Benzenoide-12_c23.xml.lzma,1800,(varsel=DOMWDEG;flushRate=2147483647),(valsel=MIN;best=Best;bestFreq=1;last=true),(pol=NONE;cutoff=0;offset=0;geo=1.0;resetOnSolution=false),,false,0.000,0,0,0,-f -varh DOMWDEG -last -lc 1 -best Best -bestRate 1 -restarts NONE;0;1.0;0;false -limit 00h30m00s data/xcsp/cop23/Benzenoide-12_c23.xml.lzma
c Unexpected resolution interruption!data/xcsp/cop23/Benzenoide-13_c23.xml.lzma,1800,(varsel=DOMWDEG;flushRate=2147483647),(valsel=MIN;best=Best;bestFreq=1;last=true),(pol=NONE;cutoff=0;offset=0;geo=1.0;resetOnSolution=false),,false,0.000,0,0,0,-f -varh DOMWDEG -last -lc 1 -best Best -bestRate 1 -restarts NONE;0;1.0;0;false -limit 00h30m00s data/xcsp/cop23/Benzenoide-13_c23.xml.lzma
c Unexpected resolution interruption!data/xcsp/cop23/Benzenoide-14_c23.xml.lzma,1800,(varsel=DOMWDEG;flushRate=2147483647),(valsel=MIN;best=Best;bestFreq=1;last=true),(pol=NONE;cutoff=0;offset=0;geo=1.0;resetOnSolution=false),,false,0.000,0,0,0,-f -varh DOMWDEG -last -lc 1 -best Best -bestRate 1 -restarts NONE;0;1.0;0;false -limit 00h30m00s data/xcsp/cop23/Benzenoide-14_c23.xml.lzma
c Unexpected resolution interruption!data/xcsp/cop23/Benzenoide-15_c23.xml.lzma,1800,(varsel=DOMWDEG;flushRate=2147483647),(valsel=MIN;best=Best;bestFreq=1;last=true),(pol=NONE;cutoff=0;offset=0;geo=1.0;resetOnSolution=false),,false,0.000,0,0,0,-f -varh DOMWDEG -last -lc 1 -best Best -bestRate 1 -restarts NONE;0;1.0;0;false -limit 00h30m00s data/xcsp/cop23/Benzenoide-15_c23.xml.lzma
c Unexpected resolution interruption!data/xcsp/cop23/CarpetCutting-test01_c23.xml.lzma,1800,(varsel=DOMWDEG;flushRate=2147483647),(valsel=MIN;best=Best;bestFreq=1;last=true),(pol=NONE;cutoff=0;offset=0;geo=1.0;resetOnSolution=false),(obj:821;t:0.296;nodes:735;fails:709;restarts:0)(obj:759;t:0.299;nodes:744;fails:716;restarts:0)(obj:705;t:0.311;nodes:754;fails:726;restarts:0)(obj:703;t:0.449;nodes:1192;fails:1162;restarts:0)(obj:694;t:4.575;nodes:25143;fails:25110;restarts:0)(obj:692;t:4.656;nodes:25296;fails:25263;restarts:0)(obj:685;t:6.176;nodes:39713;fails:39679;restarts:0)(obj:676;t:6.177;nodes:39722;fails:39687;restarts:0)(obj:675;t:6.181;nodes:39736;fails:39700;restarts:0)(obj:674;t:6.181;nodes:39744;fails:39706;restarts:0)(obj:673;t:6.182;nodes:39752;fails:39712;restarts:0)(obj:672;t:6.183;nodes:39760;fails:39718;restarts:0)(obj:671;t:6.183;nodes:39768;fails:39724;restarts:0)(obj:670;t:6.184;nodes:39776;fails:39730;restarts:0)(obj:669;t:6.184;nodes:39784;fails:39736;restarts:0)(obj:668;t:6.185;nodes:39792;fails:39742;restarts:0)(obj:667;t:6.185;nodes:39800;fails:39748;restarts:0)(obj:666;t:6.186;nodes:39808;fails:39754;restarts:0)(obj:665;t:6.186;nodes:39816;fails:39760;restarts:0)(obj:664;t:6.186;nodes:39824;fails:39766;restarts:0)(obj:663;t:6.187;nodes:39832;fails:39772;restarts:0)(obj:662;t:6.187;nodes:39840;fails:39778;restarts:0)(obj:661;t:6.188;nodes:39848;fails:39784;restarts:0)(obj:660;t:6.188;nodes:39856;fails:39790;restarts:0)(obj:659;t:6.189;nodes:39864;fails:39796;restarts:0)(obj:658;t:6.189;nodes:39872;fails:39802;restarts:0)(obj:657;t:6.189;nodes:39880;fails:39808;restarts:0)(obj:656;t:6.190;nodes:39888;fails:39814;restarts:0)(obj:655;t:6.190;nodes:39896;fails:39820;restarts:0)(obj:654;t:6.191;nodes:39904;fails:39826;restarts:0)(obj:653;t:6.191;nodes:39912;fails:39832;restarts:0)(obj:652;t:6.192;nodes:39920;fails:39838;restarts:0)(obj:651;t:6.192;nodes:39928;fails:39844;restarts:0)(obj:650;t:6.192;nodes:39936;fails:39850;restarts:0)(obj:649;t:6.193;nodes:39944;fails:39856;restarts:0)(obj:648;t:6.193;nodes:39952;fails:39862;restarts:0)(obj:647;t:6.194;nodes:39960;fails:39868;restarts:0)(obj:646;t:6.194;nodes:39968;fails:39874;restarts:0)(obj:645;t:6.195;nodes:39976;fails:39880;restarts:0)(obj:644;t:6.195;nodes:39984;fails:39886;restarts:0)(obj:643;t:6.196;nodes:39992;fails:39892;restarts:0)(obj:642;t:6.196;nodes:40000;fails:39898;restarts:0)(obj:641;t:6.196;nodes:40008;fails:39904;restarts:0)(obj:640;t:6.197;nodes:40016;fails:39910;restarts:0)(obj:639;t:6.197;nodes:40024;fails:39916;restarts:0)(obj:638;t:6.197;nodes:40032;fails:39922;restarts:0)(obj:637;t:6.198;nodes:40040;fails:39928;restarts:0)(obj:636;t:6.198;nodes:40046;fails:39934;restarts:0)(obj:635;t:6.199;nodes:40057;fails:39941;restarts:0)(obj:634;t:6.200;nodes:40063;fails:39948;restarts:0)(obj:622;t:6.203;nodes:40079;fails:39956;restarts:0)(obj:621;t:6.204;nodes:40086;fails:39966;restarts:0),true,7.350,50804,50701,0,-f -varh DOMWDEG -last -lc 1 -best Best -bestRate 1 -restarts NONE;0;1.0;0;false -limit 00h30m00s data/xcsp/cop23/CarpetCutting-test01_c23.xml.lzma
data/xcsp/cop23/CarpetCutting-test02_c23.xml.lzma,1800,(varsel=DOMWDEG;flushRate=2147483647),(valsel=MIN;best=Best;bestFreq=1;last=true),(pol=NONE;cutoff=0;offset=0;geo=1.0;resetOnSolution=false),(obj:1002;t:0.057;nodes:25;fails:0;restarts:0)(obj:936;t:0.065;nodes:38;fails:11;restarts:0)(obj:935;t:0.073;nodes:48;fails:24;restarts:0)(obj:934;t:21.255;nodes:204965;fails:204940;restarts:0)(obj:933;t:21.257;nodes:204981;fails:204953;restarts:0)(obj:932;t:21.258;nodes:204996;fails:204967;restarts:0)(obj:931;t:21.260;nodes:205011;fails:204980;restarts:0)(obj:930;t:21.262;nodes:205026;fails:204993;restarts:0)(obj:929;t:21.264;nodes:205041;fails:205006;restarts:0)(obj:928;t:21.266;nodes:205056;fails:205019;restarts:0)(obj:927;t:21.268;nodes:205075;fails:205034;restarts:0)(obj:926;t:21.269;nodes:205092;fails:205049;restarts:0)(obj:925;t:21.270;nodes:205109;fails:205064;restarts:0)(obj:924;t:21.271;nodes:205126;fails:205079;restarts:0)(obj:923;t:21.273;nodes:205143;fails:205094;restarts:0)(obj:922;t:21.274;nodes:205158;fails:205109;restarts:0)(obj:921;t:21.277;nodes:205176;fails:205124;restarts:0)(obj:920;t:21.278;nodes:205193;fails:205138;restarts:0)(obj:919;t:21.279;nodes:205208;fails:205153;restarts:0),true,37.168,493320,493283,0,-f -varh DOMWDEG -last -lc 1 -best Best -bestRate 1 -restarts NONE;0;1.0;0;false -limit 00h30m00s data/xcsp/cop23/CarpetCutting-test02_c23.xml.lzma
data/xcsp/cop23/AircraftAssemblyLine-2-178-70-0_c23.xml.lzma,1800,(varsel=DOMWDEG;flushRate=2147483647),(valsel=MIN;best=Best;bestFreq=1;last=true),(pol=NONE;cutoff=0;offset=0;geo=1.0;resetOnSolution=false),,false,1800.006,3005273,3005041,0,-f -varh DOMWDEG -last -lc 1 -best Best -bestRate 1 -restarts NONE;0;1.0;0;false -limit 00h30m00s data/xcsp/cop23/AircraftAssemblyLine-2-178-70-0_c23.xml.lzma
data/xcsp/cop23/Benzenoide-06_c23.xml.lzma,1800,(varsel=DOMWDEG;flushRate=2147483647),(valsel=MIN;best=Best;bestFreq=1;last=true),(pol=NONE;cutoff=0;offset=0;geo=1.0;resetOnSolution=false),(obj:102;t:287.232;nodes:4203;fails:4174;restarts:0)(obj:100;t:314.159;nodes:5383;fails:5346;restarts:0)(obj:98;t:314.570;nodes:5444;fails:5406;restarts:0)(obj:86;t:314.571;nodes:5447;fails:5407;restarts:0)(obj:75;t:317.891;nodes:5709;fails:5665;restarts:0)(obj:64;t:1392.237;nodes:329745;fails:329700;restarts:0),false,1800.007,430412,430359,0,-f -varh DOMWDEG -last -lc 1 -best Best -bestRate 1 -restarts NONE;0;1.0;0;false -limit 00h30m00s data/xcsp/cop23/Benzenoide-06_c23.xml.lzma
data/xcsp/cop23/AircraftAssemblyLine-2-178-50-1_c23.xml.lzma,1800,(varsel=DOMWDEG;flushRate=2147483647),(valsel=MIN;best=Best;bestFreq=1;last=true),(pol=NONE;cutoff=0;offset=0;geo=1.0;resetOnSolution=false),,false,1800.008,216353,216107,0,-f -varh DOMWDEG -last -lc 1 -best Best -bestRate 1 -restarts NONE;0;1.0;0;false -limit 00h30m00s data/xcsp/cop23/AircraftAssemblyLine-2-178-50-1_c23.xml.lzma
data/xcsp/cop23/AircraftAssemblyLine-2-178-70-1_c23.xml.lzma,1800,(varsel=DOMWDEG;flushRate=2147483647),(valsel=MIN;best=Best;bestFreq=1;last=true),(pol=NONE;cutoff=0;offset=0;geo=1.0;resetOnSolution=false),,false,1800.211,824021,823797,0,-f -varh DOMWDEG -last -lc 1 -best Best -bestRate 1 -restarts NONE;0;1.0;0;false -limit 00h30m00s data/xcsp/cop23/AircraftAssemblyLine-2-178-70-1_c23.xml.lzma
data/xcsp/cop23/AircraftAssemblyLine-2-178-50-2_c23.xml.lzma,1800,(varsel=DOMWDEG;flushRate=2147483647),(valsel=MIN;best=Best;bestFreq=1;last=true),(pol=NONE;cutoff=0;offset=0;geo=1.0;resetOnSolution=false),,false,1800.004,3759410,3759197,0,-f -varh DOMWDEG -last -lc 1 -best Best -bestRate 1 -restarts NONE;0;1.0;0;false -limit 00h30m00s data/xcsp/cop23/AircraftAssemblyLine-2-178-50-2_c23.xml.lzma
data/xcsp/cop23/AircraftAssemblyLine-2-178-70-2_c23.xml.lzma,1800,(varsel=DOMWDEG;flushRate=2147483647),(valsel=MIN;best=Best;bestFreq=1;last=true),(pol=NONE;cutoff=0;offset=0;geo=1.0;resetOnSolution=false),(obj:19;t:1007.785;nodes:1518673;fails:1518456;restarts:0),false,1800.006,4286464,4286321,0,-f -varh DOMWDEG -last -lc 1 -best Best -bestRate 1 -restarts NONE;0;1.0;0;false -limit 00h30m00s data/xcsp/cop23/AircraftAssemblyLine-2-178-70-2_c23.xml.lzma
data/xcsp/cop23/Benzenoide-07_c23.xml.lzma,1800,(varsel=DOMWDEG;flushRate=2147483647),(valsel=MIN;best=Best;bestFreq=1;last=true),(pol=NONE;cutoff=0;offset=0;geo=1.0;resetOnSolution=false),,false,1800.246,8555,8533,0,-f -varh DOMWDEG -last -lc 1 -best Best -bestRate 1 -restarts NONE;0;1.0;0;false -limit 00h30m00s data/xcsp/cop23/Benzenoide-07_c23.xml.lzma
data/xcsp/cop23/BeerJugs-dec-06_c23.xml.lzma,1800,(varsel=DOMWDEG;flushRate=2147483647),(valsel=MIN;best=Best;bestFreq=1;last=true),(pol=NONE;cutoff=0;offset=0;geo=1.0;resetOnSolution=false),(obj:4;t:1.751;nodes:7;fails:0;restarts:0)(obj:5;t:1.984;nodes:11;fails:2;restarts:0)(obj:6;t:2.216;nodes:15;fails:4;restarts:0)(obj:7;t:2.471;nodes:18;fails:4;restarts:0)(obj:8;t:2.901;nodes:22;fails:4;restarts:0)(obj:9;t:3.125;nodes:26;fails:6;restarts:0)(obj:10;t:3.356;nodes:30;fails:8;restarts:0)(obj:11;t:3.546;nodes:33;fails:8;restarts:0)(obj:12;t:3.747;nodes:37;fails:8;restarts:0)(obj:13;t:3.941;nodes:40;fails:8;restarts:0)(obj:14;t:4.181;nodes:43;fails:8;restarts:0)(obj:15;t:4.578;nodes:46;fails:8;restarts:0)(obj:16;t:4.832;nodes:49;fails:8;restarts:0)(obj:17;t:5.100;nodes:52;fails:8;restarts:0)(obj:18;t:5.280;nodes:55;fails:8;restarts:0)(obj:19;t:5.447;nodes:58;fails:8;restarts:0)(obj:20;t:5.638;nodes:61;fails:8;restarts:0)(obj:21;t:5.814;nodes:64;fails:8;restarts:0)(obj:22;t:5.969;nodes:67;fails:8;restarts:0)(obj:23;t:6.302;nodes:70;fails:8;restarts:0)(obj:24;t:6.504;nodes:73;fails:8;restarts:0)(obj:25;t:6.753;nodes:76;fails:8;restarts:0)(obj:26;t:6.921;nodes:79;fails:8;restarts:0)(obj:27;t:7.083;nodes:82;fails:8;restarts:0)(obj:28;t:7.255;nodes:85;fails:8;restarts:0)(obj:29;t:7.425;nodes:88;fails:8;restarts:0)(obj:30;t:7.623;nodes:91;fails:8;restarts:0)(obj:31;t:7.766;nodes:94;fails:8;restarts:0)(obj:32;t:7.885;nodes:97;fails:8;restarts:0)(obj:33;t:8.114;nodes:100;fails:8;restarts:0)(obj:34;t:8.270;nodes:103;fails:8;restarts:0)(obj:35;t:8.418;nodes:106;fails:8;restarts:0)(obj:36;t:8.598;nodes:110;fails:8;restarts:0)(obj:37;t:8.746;nodes:113;fails:8;restarts:0)(obj:38;t:8.829;nodes:116;fails:8;restarts:0)(obj:39;t:8.908;nodes:119;fails:8;restarts:0)(obj:40;t:8.994;nodes:122;fails:8;restarts:0)(obj:41;t:9.078;nodes:125;fails:8;restarts:0)(obj:42;t:9.149;nodes:128;fails:8;restarts:0)(obj:43;t:9.248;nodes:131;fails:8;restarts:0)(obj:44;t:9.322;nodes:135;fails:8;restarts:0)(obj:45;t:9.390;nodes:139;fails:10;restarts:0),false,1800.009,157090,156973,0,-f -varh DOMWDEG -last -lc 1 -best Best -bestRate 1 -restarts NONE;0;1.0;0;false -limit 00h30m00s data/xcsp/cop23/BeerJugs-dec-06_c23.xml.lzma
data/xcsp/cop23/BeerJugs-dec-07_c23.xml.lzma,1800,(varsel=DOMWDEG;flushRate=2147483647),(valsel=MIN;best=Best;bestFreq=1;last=true),(pol=NONE;cutoff=0;offset=0;geo=1.0;resetOnSolution=false),(obj:4;t:2.442;nodes:7;fails:0;restarts:0)(obj:5;t:2.775;nodes:11;fails:2;restarts:0)(obj:6;t:3.112;nodes:15;fails:4;restarts:0)(obj:7;t:3.567;nodes:18;fails:4;restarts:0)(obj:8;t:4.105;nodes:22;fails:4;restarts:0)(obj:9;t:4.582;nodes:26;fails:6;restarts:0)(obj:10;t:4.920;nodes:30;fails:8;restarts:0)(obj:11;t:5.282;nodes:33;fails:8;restarts:0)(obj:12;t:5.724;nodes:37;fails:8;restarts:0)(obj:13;t:6.030;nodes:40;fails:8;restarts:0)(obj:14;t:6.253;nodes:43;fails:8;restarts:0)(obj:15;t:6.499;nodes:46;fails:8;restarts:0)(obj:16;t:6.833;nodes:49;fails:8;restarts:0)(obj:17;t:7.231;nodes:52;fails:8;restarts:0)(obj:18;t:7.532;nodes:55;fails:8;restarts:0)(obj:19;t:7.730;nodes:58;fails:8;restarts:0)(obj:20;t:7.907;nodes:61;fails:8;restarts:0)(obj:21;t:8.078;nodes:64;fails:8;restarts:0)(obj:22;t:8.272;nodes:68;fails:8;restarts:0)(obj:23;t:8.463;nodes:72;fails:10;restarts:0)(obj:24;t:8.664;nodes:76;fails:12;restarts:0)(obj:25;t:8.823;nodes:79;fails:12;restarts:0)(obj:26;t:9.091;nodes:83;fails:12;restarts:0)(obj:27;t:9.447;nodes:86;fails:12;restarts:0)(obj:28;t:9.735;nodes:89;fails:12;restarts:0)(obj:29;t:9.917;nodes:92;fails:12;restarts:0)(obj:30;t:10.089;nodes:95;fails:12;restarts:0)(obj:31;t:10.249;nodes:98;fails:12;restarts:0)(obj:32;t:10.387;nodes:101;fails:12;restarts:0)(obj:33;t:10.533;nodes:104;fails:12;restarts:0)(obj:34;t:10.680;nodes:108;fails:12;restarts:0)(obj:35;t:10.845;nodes:112;fails:14;restarts:0)(obj:36;t:11.018;nodes:115;fails:14;restarts:0)(obj:37;t:11.146;nodes:118;fails:14;restarts:0)(obj:38;t:11.313;nodes:121;fails:14;restarts:0)(obj:39;t:11.465;nodes:124;fails:14;restarts:0)(obj:40;t:11.682;nodes:127;fails:14;restarts:0)(obj:41;t:11.840;nodes:130;fails:14;restarts:0)(obj:42;t:11.926;nodes:133;fails:14;restarts:0)(obj:43;t:12.017;nodes:136;fails:14;restarts:0)(obj:44;t:12.106;nodes:140;fails:14;restarts:0)(obj:45;t:12.194;nodes:143;fails:14;restarts:0)(obj:46;t:12.266;nodes:146;fails:14;restarts:0)(obj:47;t:12.337;nodes:149;fails:14;restarts:0)(obj:48;t:12.413;nodes:152;fails:14;restarts:0)(obj:49;t:12.479;nodes:155;fails:14;restarts:0),false,1800.013,117242,117115,0,-f -varh DOMWDEG -last -lc 1 -best Best -bestRate 1 -restarts NONE;0;1.0;0;false -limit 00h30m00s data/xcsp/cop23/BeerJugs-dec-07_c23.xml.lzma
data/xcsp/cop23/BeerJugs-dec-08_c23.xml.lzma,1800,(varsel=DOMWDEG;flushRate=2147483647),(valsel=MIN;best=Best;bestFreq=1;last=true),(pol=NONE;cutoff=0;offset=0;geo=1.0;resetOnSolution=false),(obj:4;t:2.811;nodes:7;fails:0;restarts:0)(obj:5;t:3.251;nodes:11;fails:2;restarts:0)(obj:6;t:3.702;nodes:15;fails:4;restarts:0)(obj:7;t:4.053;nodes:18;fails:4;restarts:0)(obj:8;t:4.484;nodes:22;fails:4;restarts:0)(obj:9;t:4.865;nodes:26;fails:6;restarts:0)(obj:10;t:5.329;nodes:30;fails:8;restarts:0)(obj:11;t:5.841;nodes:33;fails:8;restarts:0)(obj:12;t:6.235;nodes:37;fails:8;restarts:0)(obj:13;t:6.590;nodes:40;fails:8;restarts:0)(obj:14;t:6.967;nodes:43;fails:8;restarts:0)(obj:15;t:7.532;nodes:46;fails:8;restarts:0)(obj:16;t:7.862;nodes:49;fails:8;restarts:0)(obj:17;t:8.132;nodes:52;fails:8;restarts:0)(obj:18;t:8.427;nodes:55;fails:8;restarts:0)(obj:19;t:8.720;nodes:58;fails:8;restarts:0)(obj:20;t:9.046;nodes:61;fails:8;restarts:0)(obj:21;t:9.443;nodes:64;fails:8;restarts:0)(obj:22;t:10.017;nodes:68;fails:8;restarts:0)(obj:23;t:10.488;nodes:72;fails:10;restarts:0)(obj:24;t:10.822;nodes:78;fails:13;restarts:0)(obj:25;t:11.097;nodes:81;fails:13;restarts:0)(obj:26;t:11.345;nodes:84;fails:13;restarts:0)(obj:27;t:11.591;nodes:87;fails:13;restarts:0)(obj:28;t:11.848;nodes:91;fails:13;restarts:0)(obj:29;t:12.102;nodes:94;fails:13;restarts:0)(obj:30;t:12.326;nodes:97;fails:13;restarts:0)(obj:31;t:12.534;nodes:100;fails:13;restarts:0)(obj:32;t:12.829;nodes:104;fails:13;restarts:0)(obj:33;t:13.125;nodes:108;fails:15;restarts:0)(obj:34;t:13.300;nodes:111;fails:15;restarts:0)(obj:35;t:13.495;nodes:114;fails:15;restarts:0)(obj:36;t:13.638;nodes:117;fails:15;restarts:0)(obj:37;t:13.807;nodes:120;fails:15;restarts:0)(obj:38;t:13.959;nodes:123;fails:15;restarts:0)(obj:39;t:14.178;nodes:126;fails:15;restarts:0)(obj:40;t:14.335;nodes:129;fails:15;restarts:0)(obj:41;t:14.479;nodes:132;fails:15;restarts:0)(obj:42;t:14.610;nodes:136;fails:15;restarts:0)(obj:43;t:14.740;nodes:140;fails:17;restarts:0)(obj:44;t:14.976;nodes:143;fails:17;restarts:0)(obj:45;t:15.088;nodes:146;fails:17;restarts:0)(obj:46;t:15.181;nodes:149;fails:17;restarts:0)(obj:47;t:15.276;nodes:152;fails:17;restarts:0)(obj:48;t:15.418;nodes:155;fails:17;restarts:0)(obj:49;t:15.518;nodes:158;fails:17;restarts:0)(obj:50;t:15.593;nodes:161;fails:17;restarts:0)(obj:51;t:15.667;nodes:164;fails:17;restarts:0)(obj:52;t:15.745;nodes:168;fails:17;restarts:0)(obj:53;t:15.815;nodes:172;fails:19;restarts:0),false,1800.015,84824,84695,0,-f -varh DOMWDEG -last -lc 1 -best Best -bestRate 1 -restarts NONE;0;1.0;0;false -limit 00h30m00s data/xcsp/cop23/BeerJugs-dec-08_c23.xml.lzma
data/xcsp/cop23/BeerJugs-dec-09_c23.xml.lzma,1800,(varsel=DOMWDEG;flushRate=2147483647),(valsel=MIN;best=Best;bestFreq=1;last=true),(pol=NONE;cutoff=0;offset=0;geo=1.0;resetOnSolution=false),(obj:4;t:3.234;nodes:7;fails:0;restarts:0)(obj:5;t:3.778;nodes:11;fails:2;restarts:0)(obj:6;t:4.548;nodes:15;fails:4;restarts:0)(obj:7;t:5.079;nodes:18;fails:4;restarts:0)(obj:8;t:5.586;nodes:22;fails:4;restarts:0)(obj:9;t:6.086;nodes:26;fails:6;restarts:0)(obj:10;t:6.593;nodes:30;fails:8;restarts:0)(obj:11;t:6.989;nodes:33;fails:8;restarts:0)(obj:12;t:7.697;nodes:37;fails:8;restarts:0)(obj:13;t:8.248;nodes:40;fails:8;restarts:0)(obj:14;t:8.707;nodes:43;fails:8;restarts:0)(obj:15;t:9.152;nodes:46;fails:8;restarts:0)(obj:16;t:9.658;nodes:49;fails:8;restarts:0)(obj:17;t:10.075;nodes:52;fails:8;restarts:0)(obj:18;t:10.419;nodes:55;fails:8;restarts:0)(obj:19;t:10.755;nodes:58;fails:8;restarts:0)(obj:20;t:11.106;nodes:61;fails:8;restarts:0)(obj:21;t:11.462;nodes:64;fails:8;restarts:0)(obj:22;t:11.815;nodes:67;fails:8;restarts:0)(obj:23;t:12.176;nodes:70;fails:8;restarts:0)(obj:24;t:12.478;nodes:73;fails:8;restarts:0)(obj:25;t:12.828;nodes:76;fails:8;restarts:0)(obj:26;t:13.136;nodes:79;fails:8;restarts:0)(obj:27;t:13.438;nodes:82;fails:8;restarts:0)(obj:28;t:13.795;nodes:85;fails:8;restarts:0)(obj:29;t:14.056;nodes:88;fails:8;restarts:0)(obj:30;t:14.348;nodes:93;fails:8;restarts:0)(obj:31;t:14.629;nodes:98;fails:12;restarts:0)(obj:32;t:14.942;nodes:103;fails:14;restarts:0)(obj:33;t:15.158;nodes:106;fails:14;restarts:0)(obj:34;t:15.409;nodes:110;fails:14;restarts:0)(obj:35;t:15.648;nodes:114;fails:16;restarts:0)(obj:36;t:15.850;nodes:117;fails:16;restarts:0)(obj:37;t:16.042;nodes:120;fails:16;restarts:0)(obj:38;t:16.251;nodes:123;fails:16;restarts:0)(obj:39;t:16.454;nodes:126;fails:16;restarts:0)(obj:40;t:16.620;nodes:129;fails:16;restarts:0)(obj:41;t:16.802;nodes:132;fails:16;restarts:0)(obj:42;t:16.956;nodes:135;fails:16;restarts:0)(obj:43;t:17.102;nodes:138;fails:16;restarts:0)(obj:44;t:17.269;nodes:141;fails:16;restarts:0)(obj:45;t:17.429;nodes:144;fails:16;restarts:0)(obj:46;t:17.561;nodes:147;fails:16;restarts:0)(obj:47;t:17.687;nodes:150;fails:16;restarts:0)(obj:48;t:17.830;nodes:153;fails:16;restarts:0)(obj:49;t:17.966;nodes:156;fails:16;restarts:0)(obj:50;t:18.076;nodes:159;fails:16;restarts:0)(obj:51;t:18.177;nodes:162;fails:16;restarts:0)(obj:52;t:18.292;nodes:165;fails:16;restarts:0)(obj:53;t:18.401;nodes:168;fails:16;restarts:0)(obj:54;t:18.483;nodes:171;fails:16;restarts:0)(obj:55;t:18.565;nodes:174;fails:16;restarts:0)(obj:56;t:18.649;nodes:178;fails:16;restarts:0)(obj:57;t:18.721;nodes:182;fails:18;restarts:0),false,1800.040,83637,83493,0,-f -varh DOMWDEG -last -lc 1 -best Best -bestRate 1 -restarts NONE;0;1.0;0;false -limit 00h30m00s data/xcsp/cop23/BeerJugs-dec-09_c23.xml.lzma
data/xcsp/cop23/CarpetCutting-test12_c23.xml.lzma,1800,(varsel=DOMWDEG;flushRate=2147483647),(valsel=MIN;best=Best;bestFreq=1;last=true),(pol=NONE;cutoff=0;offset=0;geo=1.0;resetOnSolution=false),(obj:843;t:2.268;nodes:9709;fails:9681;restarts:0)(obj:814;t:2.276;nodes:9792;fails:9762;restarts:0)(obj:813;t:2.343;nodes:11733;fails:11704;restarts:0)(obj:812;t:2.344;nodes:11742;fails:11711;restarts:0)(obj:811;t:2.344;nodes:11751;fails:11718;restarts:0)(obj:810;t:2.345;nodes:11760;fails:11725;restarts:0)(obj:809;t:2.345;nodes:11769;fails:11732;restarts:0)(obj:808;t:2.346;nodes:11778;fails:11739;restarts:0)(obj:807;t:2.346;nodes:11787;fails:11746;restarts:0)(obj:806;t:2.347;nodes:11796;fails:11753;restarts:0)(obj:805;t:2.347;nodes:11805;fails:11760;restarts:0)(obj:804;t:2.348;nodes:11814;fails:11767;restarts:0)(obj:803;t:2.348;nodes:11823;fails:11774;restarts:0)(obj:802;t:2.349;nodes:11832;fails:11781;restarts:0)(obj:801;t:2.349;nodes:11841;fails:11788;restarts:0)(obj:800;t:2.350;nodes:11850;fails:11795;restarts:0)(obj:799;t:2.350;nodes:11859;fails:11802;restarts:0)(obj:798;t:2.351;nodes:11868;fails:11809;restarts:0)(obj:797;t:2.351;nodes:11877;fails:11816;restarts:0)(obj:796;t:2.352;nodes:11886;fails:11823;restarts:0)(obj:795;t:2.352;nodes:11895;fails:11830;restarts:0)(obj:794;t:2.353;nodes:11904;fails:11837;restarts:0)(obj:793;t:2.353;nodes:11913;fails:11844;restarts:0)(obj:792;t:2.354;nodes:11922;fails:11851;restarts:0)(obj:791;t:2.354;nodes:11931;fails:11858;restarts:0)(obj:790;t:2.355;nodes:11940;fails:11865;restarts:0)(obj:789;t:2.355;nodes:11949;fails:11872;restarts:0)(obj:788;t:2.356;nodes:11958;fails:11879;restarts:0)(obj:787;t:2.356;nodes:11967;fails:11886;restarts:0)(obj:786;t:2.357;nodes:11976;fails:11893;restarts:0)(obj:785;t:2.358;nodes:11985;fails:11900;restarts:0)(obj:784;t:2.358;nodes:11994;fails:11907;restarts:0)(obj:783;t:2.359;nodes:12003;fails:11914;restarts:0)(obj:782;t:2.359;nodes:12012;fails:11921;restarts:0)(obj:781;t:2.360;nodes:12021;fails:11928;restarts:0)(obj:780;t:2.360;nodes:12030;fails:11935;restarts:0)(obj:779;t:2.361;nodes:12039;fails:11942;restarts:0)(obj:778;t:2.361;nodes:12048;fails:11949;restarts:0)(obj:777;t:2.362;nodes:12057;fails:11956;restarts:0)(obj:776;t:2.362;nodes:12066;fails:11963;restarts:0)(obj:775;t:2.363;nodes:12075;fails:11970;restarts:0)(obj:774;t:2.364;nodes:12084;fails:11977;restarts:0)(obj:773;t:2.364;nodes:12093;fails:11984;restarts:0)(obj:772;t:2.364;nodes:12102;fails:11991;restarts:0)(obj:771;t:2.365;nodes:12110;fails:11998;restarts:0)(obj:770;t:2.370;nodes:12205;fails:12089;restarts:0)(obj:769;t:2.370;nodes:12213;fails:12097;restarts:0)(obj:716;t:7.174;nodes:37015;fails:36893;restarts:0)(obj:709;t:7.179;nodes:37035;fails:36913;restarts:0)(obj:653;t:7.181;nodes:37051;fails:36926;restarts:0)(obj:647;t:7.193;nodes:37068;fails:36941;restarts:0)(obj:645;t:7.216;nodes:37104;fails:36978;restarts:0)(obj:644;t:7.223;nodes:37181;fails:37056;restarts:0)(obj:622;t:7.296;nodes:37618;fails:37489;restarts:0)(obj:621;t:7.299;nodes:37625;fails:37499;restarts:0),true,12.661,50246,50137,0,-f -varh DOMWDEG -last -lc 1 -best Best -bestRate 1 -restarts NONE;0;1.0;0;false -limit 00h30m00s data/xcsp/cop23/CarpetCutting-test12_c23.xml.lzma
data/xcsp/cop23/BeerJugs-dec-10_c23.xml.lzma,1800,(varsel=DOMWDEG;flushRate=2147483647),(valsel=MIN;best=Best;bestFreq=1;last=true),(pol=NONE;cutoff=0;offset=0;geo=1.0;resetOnSolution=false),(obj:4;t:3.739;nodes:7;fails:0;restarts:0)(obj:5;t:4.300;nodes:11;fails:2;restarts:0)(obj:6;t:4.940;nodes:15;fails:4;restarts:0)(obj:7;t:5.415;nodes:18;fails:4;restarts:0)(obj:8;t:5.954;nodes:22;fails:4;restarts:0)(obj:9;t:6.489;nodes:26;fails:6;restarts:0)(obj:10;t:7.063;nodes:30;fails:8;restarts:0)(obj:11;t:7.506;nodes:33;fails:8;restarts:0)(obj:12;t:7.970;nodes:37;fails:8;restarts:0)(obj:13;t:8.429;nodes:40;fails:8;restarts:0)(obj:14;t:8.854;nodes:43;fails:8;restarts:0)(obj:15;t:9.269;nodes:46;fails:8;restarts:0)(obj:16;t:9.704;nodes:49;fails:8;restarts:0)(obj:17;t:10.155;nodes:52;fails:8;restarts:0)(obj:18;t:10.540;nodes:55;fails:8;restarts:0)(obj:19;t:10.904;nodes:58;fails:8;restarts:0)(obj:20;t:11.294;nodes:61;fails:8;restarts:0)(obj:21;t:11.765;nodes:64;fails:8;restarts:0)(obj:22;t:12.102;nodes:67;fails:8;restarts:0)(obj:23;t:12.430;nodes:70;fails:8;restarts:0)(obj:24;t:12.784;nodes:73;fails:8;restarts:0)(obj:25;t:13.131;nodes:76;fails:8;restarts:0)(obj:26;t:13.440;nodes:79;fails:8;restarts:0)(obj:27;t:13.740;nodes:82;fails:8;restarts:0)(obj:28;t:14.068;nodes:85;fails:8;restarts:0)(obj:29;t:14.385;nodes:88;fails:8;restarts:0)(obj:30;t:14.662;nodes:91;fails:8;restarts:0)(obj:31;t:14.934;nodes:94;fails:8;restarts:0)(obj:32;t:15.221;nodes:97;fails:8;restarts:0)(obj:33;t:15.503;nodes:100;fails:8;restarts:0)(obj:34;t:15.759;nodes:103;fails:8;restarts:0)(obj:35;t:15.989;nodes:106;fails:8;restarts:0)(obj:36;t:16.237;nodes:110;fails:8;restarts:0)(obj:37;t:16.490;nodes:113;fails:8;restarts:0)(obj:38;t:16.708;nodes:116;fails:8;restarts:0)(obj:39;t:16.921;nodes:119;fails:8;restarts:0)(obj:40;t:17.155;nodes:122;fails:8;restarts:0)(obj:41;t:17.383;nodes:125;fails:8;restarts:0)(obj:42;t:17.571;nodes:128;fails:8;restarts:0)(obj:43;t:17.757;nodes:131;fails:8;restarts:0)(obj:44;t:17.960;nodes:135;fails:8;restarts:0)(obj:45;t:18.156;nodes:139;fails:10;restarts:0)(obj:46;t:18.347;nodes:144;fails:12;restarts:0)(obj:47;t:18.487;nodes:147;fails:12;restarts:0)(obj:48;t:18.642;nodes:150;fails:12;restarts:0)(obj:49;t:18.784;nodes:153;fails:12;restarts:0)(obj:50;t:18.895;nodes:156;fails:12;restarts:0)(obj:51;t:19.000;nodes:159;fails:12;restarts:0)(obj:52;t:19.121;nodes:163;fails:12;restarts:0)(obj:53;t:19.239;nodes:167;fails:14;restarts:0)(obj:54;t:19.325;nodes:170;fails:14;restarts:0)(obj:55;t:19.404;nodes:173;fails:14;restarts:0)(obj:56;t:19.495;nodes:177;fails:14;restarts:0)(obj:57;t:19.585;nodes:181;fails:16;restarts:0)(obj:58;t:19.646;nodes:184;fails:16;restarts:0)(obj:59;t:19.704;nodes:187;fails:16;restarts:0)(obj:60;t:19.759;nodes:191;fails:16;restarts:0)(obj:61;t:19.806;nodes:194;fails:16;restarts:0),false,1800.013,65189,65056,0,-f -varh DOMWDEG -last -lc 1 -best Best -bestRate 1 -restarts NONE;0;1.0;0;false -limit 00h30m00s data/xcsp/cop23/BeerJugs-dec-10_c23.xml.lzma
data/xcsp/cop23/CarpetCutting-test11_c23.xml.lzma,1800,(varsel=DOMWDEG;flushRate=2147483647),(valsel=MIN;best=Best;bestFreq=1;last=true),(pol=NONE;cutoff=0;offset=0;geo=1.0;resetOnSolution=false),(obj:977;t:0.068;nodes:22;fails:0;restarts:0)(obj:976;t:0.250;nodes:672;fails:653;restarts:0)(obj:963;t:0.253;nodes:683;fails:661;restarts:0),true,407.158,3754335,3754330,0,-f -varh DOMWDEG -last -lc 1 -best Best -bestRate 1 -restarts NONE;0;1.0;0;false -limit 00h30m00s data/xcsp/cop23/CarpetCutting-test11_c23.xml.lzma
data/xcsp/cop23/Benzenoide-09_c23.xml.lzma,1800,(varsel=DOMWDEG;flushRate=2147483647),(valsel=MIN;best=Best;bestFreq=1;last=true),(pol=NONE;cutoff=0;offset=0;geo=1.0;resetOnSolution=false),,false,1800.107,1119,1091,0,-f -varh DOMWDEG -last -lc 1 -best Best -bestRate 1 -restarts NONE;0;1.0;0;false -limit 00h30m00s data/xcsp/cop23/Benzenoide-09_c23.xml.lzma
data/xcsp/cop23/Benzenoide-10_c23.xml.lzma,1800,(varsel=DOMWDEG;flushRate=2147483647),(valsel=MIN;best=Best;bestFreq=1;last=true),(pol=NONE;cutoff=0;offset=0;geo=1.0;resetOnSolution=false),,false,1806.147,514,493,0,-f -varh DOMWDEG -last -lc 1 -best Best -bestRate 1 -restarts NONE;0;1.0;0;false -limit 00h30m00s data/xcsp/cop23/Benzenoide-10_c23.xml.lzma
data/xcsp/cop23/CarpetCutting-test03_c23.xml.lzma,1800,(varsel=DOMWDEG;flushRate=2147483647),(valsel=MIN;best=Best;bestFreq=1;last=true),(pol=NONE;cutoff=0;offset=0;geo=1.0;resetOnSolution=false),(obj:1011;t:0.244;nodes:248;fails:211;restarts:0)(obj:1010;t:50.895;nodes:216825;fails:216788;restarts:0)(obj:1009;t:50.896;nodes:216830;fails:216791;restarts:0)(obj:1008;t:50.897;nodes:216835;fails:216794;restarts:0)(obj:1007;t:50.897;nodes:216839;fails:216797;restarts:0)(obj:1006;t:51.269;nodes:219323;fails:219278;restarts:0)(obj:1003;t:51.286;nodes:219611;fails:219564;restarts:0)(obj:1002;t:52.977;nodes:239706;fails:239658;restarts:0)(obj:995;t:53.028;nodes:240018;fails:239967;restarts:0)(obj:994;t:53.251;nodes:242798;fails:242746;restarts:0)(obj:991;t:53.326;nodes:243224;fails:243170;restarts:0),false,1800.008,10417023,10416981,0,-f -varh DOMWDEG -last -lc 1 -best Best -bestRate 1 -restarts NONE;0;1.0;0;false -limit 00h30m00s data/xcsp/cop23/CarpetCutting-test03_c23.xml.lzma
data/xcsp/cop23/CarpetCutting-test04_c23.xml.lzma,1800,(varsel=DOMWDEG;flushRate=2147483647),(valsel=MIN;best=Best;bestFreq=1;last=true),(pol=NONE;cutoff=0;offset=0;geo=1.0;resetOnSolution=false),,false,1800.005,3234744,3234693,0,-f -varh DOMWDEG -last -lc 1 -best Best -bestRate 1 -restarts NONE;0;1.0;0;false -limit 00h30m00s data/xcsp/cop23/CarpetCutting-test04_c23.xml.lzma
data/xcsp/cop23/CarpetCutting-test05_c23.xml.lzma,1800,(varsel=DOMWDEG;flushRate=2147483647),(valsel=MIN;best=Best;bestFreq=1;last=true),(pol=NONE;cutoff=0;offset=0;geo=1.0;resetOnSolution=false),(obj:2779;t:523.153;nodes:649775;fails:649722;restarts:0)(obj:2731;t:523.168;nodes:649795;fails:649740;restarts:0)(obj:2683;t:523.183;nodes:649814;fails:649757;restarts:0)(obj:2635;t:523.197;nodes:649832;fails:649773;restarts:0)(obj:2587;t:523.211;nodes:649849;fails:649788;restarts:0)(obj:2539;t:523.226;nodes:649865;fails:649802;restarts:0),false,1800.007,5238584,5238530,0,-f -varh DOMWDEG -last -lc 1 -best Best -bestRate 1 -restarts NONE;0;1.0;0;false -limit 00h30m00s data/xcsp/cop23/CarpetCutting-test05_c23.xml.lzma
data/xcsp/cop23/CarpetCutting-test06_c23.xml.lzma,1800,(varsel=DOMWDEG;flushRate=2147483647),(valsel=MIN;best=Best;bestFreq=1;last=true),(pol=NONE;cutoff=0;offset=0;geo=1.0;resetOnSolution=false),,false,1800.004,17099427,17099388,0,-f -varh DOMWDEG -last -lc 1 -best Best -bestRate 1 -restarts NONE;0;1.0;0;false -limit 00h30m00s data/xcsp/cop23/CarpetCutting-test06_c23.xml.lzma
data/xcsp/cop23/CarpetCutting-test07_c23.xml.lzma,1800,(varsel=DOMWDEG;flushRate=2147483647),(valsel=MIN;best=Best;bestFreq=1;last=true),(pol=NONE;cutoff=0;offset=0;geo=1.0;resetOnSolution=false),,false,1800.004,4006658,4006605,0,-f -varh DOMWDEG -last -lc 1 -best Best -bestRate 1 -restarts NONE;0;1.0;0;false -limit 00h30m00s data/xcsp/cop23/CarpetCutting-test07_c23.xml.lzma
data/xcsp/cop23/CarpetCutting-test08_c23.xml.lzma,1800,(varsel=DOMWDEG;flushRate=2147483647),(valsel=MIN;best=Best;bestFreq=1;last=true),(pol=NONE;cutoff=0;offset=0;geo=1.0;resetOnSolution=false),(obj:6824;t:511.660;nodes:125759;fails:125661;restarts:0)(obj:6814;t:511.680;nodes:125807;fails:125706;restarts:0)(obj:6813;t:511.709;nodes:125853;fails:125751;restarts:0)(obj:6803;t:511.726;nodes:125899;fails:125794;restarts:0)(obj:6802;t:511.753;nodes:125943;fails:125837;restarts:0)(obj:6792;t:511.769;nodes:125987;fails:125878;restarts:0)(obj:6791;t:511.794;nodes:126029;fails:125919;restarts:0)(obj:6781;t:511.809;nodes:126071;fails:125958;restarts:0)(obj:6780;t:511.842;nodes:126111;fails:125997;restarts:0)(obj:6770;t:511.856;nodes:126151;fails:126034;restarts:0),false,1800.005,7674436,7674334,0,-f -varh DOMWDEG -last -lc 1 -best Best -bestRate 1 -restarts NONE;0;1.0;0;false -limit 00h30m00s data/xcsp/cop23/CarpetCutting-test08_c23.xml.lzma
data/xcsp/cop23/CarpetCutting-test09_c23.xml.lzma,1800,(varsel=DOMWDEG;flushRate=2147483647),(valsel=MIN;best=Best;bestFreq=1;last=true),(pol=NONE;cutoff=0;offset=0;geo=1.0;resetOnSolution=false),,false,1800.008,4768251,4768164,0,-f -varh DOMWDEG -last -lc 1 -best Best -bestRate 1 -restarts NONE;0;1.0;0;false -limit 00h30m00s data/xcsp/cop23/CarpetCutting-test09_c23.xml.lzma
data/xcsp/cop23/CarpetCutting-test10_c23.xml.lzma,1800,(varsel=DOMWDEG;flushRate=2147483647),(valsel=MIN;best=Best;bestFreq=1;last=true),(pol=NONE;cutoff=0;offset=0;geo=1.0;resetOnSolution=false),,false,1800.004,4949837,4949757,0,-f -varh DOMWDEG -last -lc 1 -best Best -bestRate 1 -restarts NONE;0;1.0;0;false -limit 00h30m00s data/xcsp/cop23/CarpetCutting-test10_c23.xml.lzma
data/xcsp/cop23/CarpetCutting-test13_c23.xml.lzma,1800,(varsel=DOMWDEG;flushRate=2147483647),(valsel=MIN;best=Best;bestFreq=1;last=true),(pol=NONE;cutoff=0;offset=0;geo=1.0;resetOnSolution=false),(obj:989;t:0.160;nodes:55;fails:0;restarts:0)(obj:955;t:0.188;nodes:82;fails:21;restarts:0)(obj:759;t:76.141;nodes:92759;fails:92701;restarts:0)(obj:758;t:85.202;nodes:124528;fails:124467;restarts:0)(obj:741;t:85.209;nodes:124541;fails:124478;restarts:0)(obj:734;t:107.646;nodes:194752;fails:194688;restarts:0),false,1800.006,1015945,1015896,0,-f -varh DOMWDEG -last -lc 1 -best Best -bestRate 1 -restarts NONE;0;1.0;0;false -limit 00h30m00s data/xcsp/cop23/CarpetCutting-test13_c23.xml.lzma
data/xcsp/cop23/CarpetCutting-test14_c23.xml.lzma,1800,(varsel=DOMWDEG;flushRate=2147483647),(valsel=MIN;best=Best;bestFreq=1;last=true),(pol=NONE;cutoff=0;offset=0;geo=1.0;resetOnSolution=false),,false,1800.015,722518,722444,0,-f -varh DOMWDEG -last -lc 1 -best Best -bestRate 1 -restarts NONE;0;1.0;0;false -limit 00h30m00s data/xcsp/cop23/CarpetCutting-test14_c23.xml.lzma
data/xcsp/cop23/CarpetCutting-test15_c23.xml.lzma,1800,(varsel=DOMWDEG;flushRate=2147483647),(valsel=MIN;best=Best;bestFreq=1;last=true),(pol=NONE;cutoff=0;offset=0;geo=1.0;resetOnSolution=false),,false,1800.004,14661450,14661402,0,-f -varh DOMWDEG -last -lc 1 -best Best -bestRate 1 -restarts NONE;0;1.0;0;false -limit 00h30m00s data/xcsp/cop23/CarpetCutting-test15_c23.xml.lzma
data/xcsp/cop23/CarpetCutting-test16_c23.xml.lzma,1800,(varsel=DOMWDEG;flushRate=2147483647),(valsel=MIN;best=Best;bestFreq=1;last=true),(pol=NONE;cutoff=0;offset=0;geo=1.0;resetOnSolution=false),,false,1800.005,3114978,3114941,0,-f -varh DOMWDEG -last -lc 1 -best Best -bestRate 1 -restarts NONE;0;1.0;0;false -limit 00h30m00s data/xcsp/cop23/CarpetCutting-test16_c23.xml.lzma
data/xcsp/cop23/CarpetCutting-test17_c23.xml.lzma,1800,(varsel=DOMWDEG;flushRate=2147483647),(valsel=MIN;best=Best;bestFreq=1;last=true),(pol=NONE;cutoff=0;offset=0;geo=1.0;resetOnSolution=false),,false,1800.004,4950560,4950453,0,-f -varh DOMWDEG -last -lc 1 -best Best -bestRate 1 -restarts NONE;0;1.0;0;false -limit 00h30m00s data/xcsp/cop23/CarpetCutting-test17_c23.xml.lzma
data/xcsp/cop23/CarpetCutting-test18_c23.xml.lzma,1800,(varsel=DOMWDEG;flushRate=2147483647),(valsel=MIN;best=Best;bestFreq=1;last=true),(pol=NONE;cutoff=0;offset=0;geo=1.0;resetOnSolution=false),,false,1800.004,7896080,7895981,0,-f -varh DOMWDEG -last -lc 1 -best Best -bestRate 1 -restarts NONE;0;1.0;0;false -limit 00h30m00s data/xcsp/cop23/CarpetCutting-test18_c23.xml.lzma
data/xcsp/cop23/CarpetCutting-test19_c23.xml.lzma,1800,(varsel=DOMWDEG;flushRate=2147483647),(valsel=MIN;best=Best;bestFreq=1;last=true),(pol=NONE;cutoff=0;offset=0;geo=1.0;resetOnSolution=false),(obj:4771;t:11.754;nodes:17133;fails:17066;restarts:0)(obj:4721;t:11.763;nodes:17162;fails:17093;restarts:0)(obj:4671;t:11.771;nodes:17190;fails:17119;restarts:0)(obj:4621;t:11.779;nodes:17217;fails:17144;restarts:0)(obj:4571;t:11.786;nodes:17243;fails:17168;restarts:0)(obj:4521;t:11.792;nodes:17268;fails:17191;restarts:0)(obj:4471;t:11.797;nodes:17293;fails:17214;restarts:0),false,1800.006,11029205,11029135,0,-f -varh DOMWDEG -last -lc 1 -best Best -bestRate 1 -restarts NONE;0;1.0;0;false -limit 00h30m00s data/xcsp/cop23/CarpetCutting-test19_c23.xml.lzma
data/xcsp/cop23/CarpetCutting-test20_c23.xml.lzma,1800,(varsel=DOMWDEG;flushRate=2147483647),(valsel=MIN;best=Best;bestFreq=1;last=true),(pol=NONE;cutoff=0;offset=0;geo=1.0;resetOnSolution=false),,false,1800.005,2946354,2946281,0,-f -varh DOMWDEG -last -lc 1 -best Best -bestRate 1 -restarts NONE;0;1.0;0;false -limit 00h30m00s data/xcsp/cop23/CarpetCutting-test20_c23.xml.lzma
data/xcsp/cop23/GBACP-UD02_c23.xml.lzma,1800,(varsel=DOMWDEG;flushRate=2147483647),(valsel=MIN;best=Best;bestFreq=1;last=true),(pol=NONE;cutoff=0;offset=0;geo=1.0;resetOnSolution=false),,false,1800.007,29562497,29562234,0,-f -varh DOMWDEG -last -lc 1 -best Best -bestRate 1 -restarts NONE;0;1.0;0;false -limit 00h30m00s data/xcsp/cop23/GBACP-UD02_c23.xml.lzma
data/xcsp/cop23/GBACP-UD01_c23.xml.lzma,1800,(varsel=DOMWDEG;flushRate=2147483647),(valsel=MIN;best=Best;bestFreq=1;last=true),(pol=NONE;cutoff=0;offset=0;geo=1.0;resetOnSolution=false),,false,1800.005,9218524,9217917,0,-f -varh DOMWDEG -last -lc 1 -best Best -bestRate 1 -restarts NONE;0;1.0;0;false -limit 00h30m00s data/xcsp/cop23/GBACP-UD01_c23.xml.lzma
data/xcsp/cop23/GBACP-UD03_c23.xml.lzma,1800,(varsel=DOMWDEG;flushRate=2147483647),(valsel=MIN;best=Best;bestFreq=1;last=true),(pol=NONE;cutoff=0;offset=0;geo=1.0;resetOnSolution=false),(obj:6757;t:4.370;nodes:36722;fails:36181;restarts:0)(obj:6718;t:5.635;nodes:45226;fails:44684;restarts:0)(obj:6710;t:6.737;nodes:56939;fails:56395;restarts:0),false,1800.010,29714652,29714115,0,-f -varh DOMWDEG -last -lc 1 -best Best -bestRate 1 -restarts NONE;0;1.0;0;false -limit 00h30m00s data/xcsp/cop23/GBACP-UD03_c23.xml.lzma
data/xcsp/cop23/GBACP-UD04_c23.xml.lzma,1800,(varsel=DOMWDEG;flushRate=2147483647),(valsel=MIN;best=Best;bestFreq=1;last=true),(pol=NONE;cutoff=0;offset=0;geo=1.0;resetOnSolution=false),,false,1800.005,18449853,18449620,0,-f -varh DOMWDEG -last -lc 1 -best Best -bestRate 1 -restarts NONE;0;1.0;0;false -limit 00h30m00s data/xcsp/cop23/GBACP-UD04_c23.xml.lzma
data/xcsp/cop23/GBACP-UD05_c23.xml.lzma,1800,(varsel=DOMWDEG;flushRate=2147483647),(valsel=MIN;best=Best;bestFreq=1;last=true),(pol=NONE;cutoff=0;offset=0;geo=1.0;resetOnSolution=false),,false,1800.007,7960694,7960388,0,-f -varh DOMWDEG -last -lc 1 -best Best -bestRate 1 -restarts NONE;0;1.0;0;false -limit 00h30m00s data/xcsp/cop23/GBACP-UD05_c23.xml.lzma
data/xcsp/cop23/GBACP-UD06_c23.xml.lzma,1800,(varsel=DOMWDEG;flushRate=2147483647),(valsel=MIN;best=Best;bestFreq=1;last=true),(pol=NONE;cutoff=0;offset=0;geo=1.0;resetOnSolution=false),,false,1800.008,29494402,29494079,0,-f -varh DOMWDEG -last -lc 1 -best Best -bestRate 1 -restarts NONE;0;1.0;0;false -limit 00h30m00s data/xcsp/cop23/GBACP-UD06_c23.xml.lzma
data/xcsp/cop23/GBACP-UD07_c23.xml.lzma,1800,(varsel=DOMWDEG;flushRate=2147483647),(valsel=MIN;best=Best;bestFreq=1;last=true),(pol=NONE;cutoff=0;offset=0;geo=1.0;resetOnSolution=false),(obj:5197;t:216.096;nodes:1317478;fails:1316831;restarts:0)(obj:5077;t:216.102;nodes:1317488;fails:1316841;restarts:0)(obj:5075;t:216.115;nodes:1317532;fails:1316889;restarts:0)(obj:5061;t:216.130;nodes:1317636;fails:1316986;restarts:0)(obj:5055;t:216.142;nodes:1317726;fails:1317075;restarts:0)(obj:5045;t:216.144;nodes:1317731;fails:1317079;restarts:0)(obj:5035;t:217.500;nodes:1328221;fails:1327567;restarts:0)(obj:5025;t:770.789;nodes:5781103;fails:5780449;restarts:0),false,1800.008,13267668,13267022,0,-f -varh DOMWDEG -last -lc 1 -best Best -bestRate 1 -restarts NONE;0;1.0;0;false -limit 00h30m00s data/xcsp/cop23/GBACP-UD07_c23.xml.lzma
data/xcsp/cop23/GBACP-UD08_c23.xml.lzma,1800,(varsel=DOMWDEG;flushRate=2147483647),(valsel=MIN;best=Best;bestFreq=1;last=true),(pol=NONE;cutoff=0;offset=0;geo=1.0;resetOnSolution=false),(obj:1329;t:377.430;nodes:6465880;fails:6465498;restarts:0)(obj:1293;t:377.710;nodes:6468883;fails:6468502;restarts:0)(obj:1290;t:377.755;nodes:6469853;fails:6469465;restarts:0)(obj:1169;t:379.014;nodes:6494060;fails:6493671;restarts:0)(obj:1096;t:379.017;nodes:6494114;fails:6493722;restarts:0)(obj:1066;t:379.020;nodes:6494186;fails:6493794;restarts:0)(obj:1013;t:379.255;nodes:6497933;fails:6497544;restarts:0)(obj:1012;t:379.841;nodes:6507599;fails:6507204;restarts:0)(obj:983;t:379.855;nodes:6507890;fails:6507492;restarts:0)(obj:980;t:381.127;nodes:6528378;fails:6527980;restarts:0)(obj:976;t:384.429;nodes:6580908;fails:6580506;restarts:0)(obj:974;t:412.424;nodes:6955779;fails:6955377;restarts:0)(obj:964;t:449.821;nodes:7424146;fails:7423743;restarts:0)(obj:962;t:463.238;nodes:7591291;fails:7590891;restarts:0)(obj:928;t:545.948;nodes:8653801;fails:8653393;restarts:0),false,1800.009,27750787,27750384,0,-f -varh DOMWDEG -last -lc 1 -best Best -bestRate 1 -restarts NONE;0;1.0;0;false -limit 00h30m00s data/xcsp/cop23/GBACP-UD08_c23.xml.lzma
data/xcsp/cop23/GBACP-UD09_c23.xml.lzma,1800,(varsel=DOMWDEG;flushRate=2147483647),(valsel=MIN;best=Best;bestFreq=1;last=true),(pol=NONE;cutoff=0;offset=0;geo=1.0;resetOnSolution=false),,false,1800.004,10838479,10837875,0,-f -varh DOMWDEG -last -lc 1 -best Best -bestRate 1 -restarts NONE;0;1.0;0;false -limit 00h30m00s data/xcsp/cop23/GBACP-UD09_c23.xml.lzma
data/xcsp/cop23/GBACP-UD10_c23.xml.lzma,1800,(varsel=DOMWDEG;flushRate=2147483647),(valsel=MIN;best=Best;bestFreq=1;last=true),(pol=NONE;cutoff=0;offset=0;geo=1.0;resetOnSolution=false),(obj:635;t:0.206;nodes:359;fails:25;restarts:0)(obj:580;t:0.213;nodes:381;fails:46;restarts:0)(obj:556;t:0.223;nodes:423;fails:87;restarts:0)(obj:554;t:0.225;nodes:426;fails:92;restarts:0)(obj:548;t:0.229;nodes:438;fails:98;restarts:0)(obj:544;t:0.237;nodes:472;fails:130;restarts:0)(obj:462;t:1.173;nodes:5884;fails:5543;restarts:0)(obj:460;t:1.528;nodes:11132;fails:10791;restarts:0)(obj:454;t:1.589;nodes:12028;fails:11685;restarts:0)(obj:450;t:6.615;nodes:60083;fails:59738;restarts:0)(obj:446;t:8.646;nodes:84744;fails:84399;restarts:0),false,1800.007,16713153,16712817,0,-f -varh DOMWDEG -last -lc 1 -best Best -bestRate 1 -restarts NONE;0;1.0;0;false -limit 00h30m00s data/xcsp/cop23/GBACP-UD10_c23.xml.lzma
data/xcsp/cop23/GBACP-table-UD01_c23.xml.lzma,1800,(varsel=DOMWDEG;flushRate=2147483647),(valsel=MIN;best=Best;bestFreq=1;last=true),(pol=NONE;cutoff=0;offset=0;geo=1.0;resetOnSolution=false),,false,1800.017,11354193,11353551,0,-f -varh DOMWDEG -last -lc 1 -best Best -bestRate 1 -restarts NONE;0;1.0;0;false -limit 00h30m00s data/xcsp/cop23/GBACP-table-UD01_c23.xml.lzma
data/xcsp/cop23/Hsp-10405_c23.xml.lzma,1800,(varsel=DOMWDEG;flushRate=2147483647),(valsel=MIN;best=Best;bestFreq=1;last=true),(pol=NONE;cutoff=0;offset=0;geo=1.0;resetOnSolution=false),(obj:290;t:0.167;nodes:83;fails:63;restarts:0)(obj:210;t:0.181;nodes:100;fails:83;restarts:0)(obj:198;t:0.196;nodes:112;fails:100;restarts:0),true,0.241,153,148,0,-f -varh DOMWDEG -last -lc 1 -best Best -bestRate 1 -restarts NONE;0;1.0;0;false -limit 00h30m00s data/xcsp/cop23/Hsp-10405_c23.xml.lzma
data/xcsp/cop23/GBACP-table-UD02_c23.xml.lzma,1800,(varsel=DOMWDEG;flushRate=2147483647),(valsel=MIN;best=Best;bestFreq=1;last=true),(pol=NONE;cutoff=0;offset=0;geo=1.0;resetOnSolution=false),,false,1800.005,15017809,15017540,0,-f -varh DOMWDEG -last -lc 1 -best Best -bestRate 1 -restarts NONE;0;1.0;0;false -limit 00h30m00s data/xcsp/cop23/GBACP-table-UD02_c23.xml.lzma
data/xcsp/cop23/GBACP-table-UD03_c23.xml.lzma,1800,(varsel=DOMWDEG;flushRate=2147483647),(valsel=MIN;best=Best;bestFreq=1;last=true),(pol=NONE;cutoff=0;offset=0;geo=1.0;resetOnSolution=false),(obj:7470;t:26.604;nodes:121433;fails:120894;restarts:0)(obj:7461;t:26.608;nodes:121436;fails:120896;restarts:0)(obj:7453;t:26.748;nodes:122707;fails:122169;restarts:0)(obj:7436;t:63.066;nodes:522152;fails:521611;restarts:0)(obj:7412;t:320.017;nodes:4323394;fails:4322854;restarts:0),false,1800.005,29772039,29771506,0,-f -varh DOMWDEG -last -lc 1 -best Best -bestRate 1 -restarts NONE;0;1.0;0;false -limit 00h30m00s data/xcsp/cop23/GBACP-table-UD03_c23.xml.lzma
data/xcsp/cop23/GBACP-table-UD04_c23.xml.lzma,1800,(varsel=DOMWDEG;flushRate=2147483647),(valsel=MIN;best=Best;bestFreq=1;last=true),(pol=NONE;cutoff=0;offset=0;geo=1.0;resetOnSolution=false),,false,1800.006,3592059,3591863,0,-f -varh DOMWDEG -last -lc 1 -best Best -bestRate 1 -restarts NONE;0;1.0;0;false -limit 00h30m00s data/xcsp/cop23/GBACP-table-UD04_c23.xml.lzma
data/xcsp/cop23/GBACP-table-UD05_c23.xml.lzma,1800,(varsel=DOMWDEG;flushRate=2147483647),(valsel=MIN;best=Best;bestFreq=1;last=true),(pol=NONE;cutoff=0;offset=0;geo=1.0;resetOnSolution=false),,false,1800.006,7693721,7693440,0,-f -varh DOMWDEG -last -lc 1 -best Best -bestRate 1 -restarts NONE;0;1.0;0;false -limit 00h30m00s data/xcsp/cop23/GBACP-table-UD05_c23.xml.lzma
data/xcsp/cop23/GBACP-table-UD06_c23.xml.lzma,1800,(varsel=DOMWDEG;flushRate=2147483647),(valsel=MIN;best=Best;bestFreq=1;last=true),(pol=NONE;cutoff=0;offset=0;geo=1.0;resetOnSolution=false),,false,1800.004,15185214,15184886,0,-f -varh DOMWDEG -last -lc 1 -best Best -bestRate 1 -restarts NONE;0;1.0;0;false -limit 00h30m00s data/xcsp/cop23/GBACP-table-UD06_c23.xml.lzma
data/xcsp/cop23/GBACP-table-UD07_c23.xml.lzma,1800,(varsel=DOMWDEG;flushRate=2147483647),(valsel=MIN;best=Best;bestFreq=1;last=true),(pol=NONE;cutoff=0;offset=0;geo=1.0;resetOnSolution=false),(obj:5773;t:574.807;nodes:1408738;fails:1408080;restarts:0)(obj:5730;t:574.907;nodes:1410396;fails:1409740;restarts:0)(obj:5707;t:587.310;nodes:1673645;fails:1672992;restarts:0)(obj:5687;t:670.991;nodes:3432005;fails:3431343;restarts:0)(obj:5647;t:670.992;nodes:3432008;fails:3431343;restarts:0)(obj:5587;t:671.039;nodes:3432744;fails:3432077;restarts:0)(obj:5565;t:702.704;nodes:3946904;fails:3946239;restarts:0)(obj:5555;t:708.123;nodes:4043121;fails:4042457;restarts:0)(obj:5528;t:728.451;nodes:4374800;fails:4374131;restarts:0)(obj:5518;t:779.751;nodes:5205293;fails:5204626;restarts:0),false,1800.006,20921253,20920594,0,-f -varh DOMWDEG -last -lc 1 -best Best -bestRate 1 -restarts NONE;0;1.0;0;false -limit 00h30m00s data/xcsp/cop23/GBACP-table-UD07_c23.xml.lzma
data/xcsp/cop23/GBACP-table-UD08_c23.xml.lzma,1800,(varsel=DOMWDEG;flushRate=2147483647),(valsel=MIN;best=Best;bestFreq=1;last=true),(pol=NONE;cutoff=0;offset=0;geo=1.0;resetOnSolution=false),(obj:1050;t:8.233;nodes:21060;fails:20678;restarts:0)(obj:1030;t:8.438;nodes:22940;fails:22561;restarts:0)(obj:937;t:8.452;nodes:23066;fails:22681;restarts:0)(obj:936;t:8.510;nodes:23650;fails:23269;restarts:0)(obj:906;t:8.518;nodes:23815;fails:23425;restarts:0)(obj:863;t:8.585;nodes:25047;fails:24659;restarts:0)(obj:846;t:8.594;nodes:25199;fails:24815;restarts:0)(obj:764;t:8.621;nodes:25634;fails:25245;restarts:0)(obj:761;t:8.755;nodes:27898;fails:27510;restarts:0)(obj:661;t:8.760;nodes:28010;fails:27617;restarts:0)(obj:653;t:8.767;nodes:28114;fails:27724;restarts:0)(obj:582;t:8.868;nodes:29571;fails:29174;restarts:0)(obj:579;t:9.826;nodes:42646;fails:42249;restarts:0),false,1800.008,14884843,14884470,0,-f -varh DOMWDEG -last -lc 1 -best Best -bestRate 1 -restarts NONE;0;1.0;0;false -limit 00h30m00s data/xcsp/cop23/GBACP-table-UD08_c23.xml.lzma
data/xcsp/cop23/GBACP-table-UD09_c23.xml.lzma,1800,(varsel=DOMWDEG;flushRate=2147483647),(valsel=MIN;best=Best;bestFreq=1;last=true),(pol=NONE;cutoff=0;offset=0;geo=1.0;resetOnSolution=false),,false,1800.004,3077701,3077122,0,-f -varh DOMWDEG -last -lc 1 -best Best -bestRate 1 -restarts NONE;0;1.0;0;false -limit 00h30m00s data/xcsp/cop23/GBACP-table-UD09_c23.xml.lzma
data/xcsp/cop23/GBACP-table-UD10_c23.xml.lzma,1800,(varsel=DOMWDEG;flushRate=2147483647),(valsel=MIN;best=Best;bestFreq=1;last=true),(pol=NONE;cutoff=0;offset=0;geo=1.0;resetOnSolution=false),(obj:1111;t:3.235;nodes:5795;fails:5463;restarts:0)(obj:1089;t:3.238;nodes:5801;fails:5467;restarts:0)(obj:1034;t:3.240;nodes:5809;fails:5473;restarts:0)(obj:1026;t:3.248;nodes:5852;fails:5515;restarts:0)(obj:1012;t:3.291;nodes:6484;fails:6144;restarts:0)(obj:1010;t:3.292;nodes:6496;fails:6155;restarts:0)(obj:1006;t:5.855;nodes:51473;fails:51135;restarts:0)(obj:988;t:61.923;nodes:834645;fails:834300;restarts:0)(obj:972;t:542.934;nodes:7528495;fails:7528148;restarts:0),false,1800.007,23457569,23457228,0,-f -varh DOMWDEG -last -lc 1 -best Best -bestRate 1 -restarts NONE;0;1.0;0;false -limit 00h30m00s data/xcsp/cop23/GBACP-table-UD10_c23.xml.lzma
data/xcsp/cop23/GeneralizedMKP-0-OR05x100-25-1_c23.xml.lzma,1800,(varsel=DOMWDEG;flushRate=2147483647),(valsel=MIN;best=Best;bestFreq=1;last=true),(pol=NONE;cutoff=0;offset=0;geo=1.0;resetOnSolution=false),(obj:18894;t:0.267;nodes:100;fails:0;restarts:0)(obj:18948;t:0.270;nodes:106;fails:7;restarts:0)(obj:19502;t:0.272;nodes:112;fails:13;restarts:0)(obj:19609;t:0.275;nodes:121;fails:19;restarts:0)(obj:19650;t:0.275;nodes:127;fails:24;restarts:0)(obj:19901;t:0.276;nodes:133;fails:29;restarts:0)(obj:19905;t:0.279;nodes:139;fails:36;restarts:0)(obj:20119;t:0.287;nodes:151;fails:50;restarts:0)(obj:20124;t:0.330;nodes:230;fails:125;restarts:0)(obj:20519;t:0.355;nodes:280;fails:177;restarts:0)(obj:20521;t:0.404;nodes:381;fails:278;restarts:0)(obj:20537;t:1.582;nodes:4561;fails:4442;restarts:0)(obj:20628;t:1.583;nodes:4567;fails:4449;restarts:0)(obj:20642;t:1.587;nodes:4597;fails:4478;restarts:0)(obj:20974;t:1.594;nodes:4633;fails:4514;restarts:0)(obj:21006;t:32.128;nodes:185986;fails:185865;restarts:0)(obj:21103;t:32.163;nodes:186145;fails:186034;restarts:0)(obj:21130;t:40.582;nodes:239932;fails:239808;restarts:0)(obj:21212;t:46.709;nodes:277519;fails:277389;restarts:0)(obj:21411;t:422.416;nodes:2878265;fails:2878133;restarts:0)(obj:21565;t:446.746;nodes:3060803;fails:3060675;restarts:0),false,1800.010,13290122,13290002,0,-f -varh DOMWDEG -last -lc 1 -best Best -bestRate 1 -restarts NONE;0;1.0;0;false -limit 00h30m00s data/xcsp/cop23/GeneralizedMKP-0-OR05x100-25-1_c23.xml.lzma
data/xcsp/cop23/GeneralizedMKP-0-OR05x100-50-1_c23.xml.lzma,1800,(varsel=DOMWDEG;flushRate=2147483647),(valsel=MIN;best=Best;bestFreq=1;last=true),(pol=NONE;cutoff=0;offset=0;geo=1.0;resetOnSolution=false),(obj:36138;t:0.282;nodes:102;fails:0;restarts:0)(obj:36204;t:0.285;nodes:108;fails:7;restarts:0)(obj:36700;t:0.287;nodes:114;fails:13;restarts:0)(obj:36701;t:0.314;nodes:144;fails:44;restarts:0)(obj:36783;t:0.329;nodes:173;fails:72;restarts:0)(obj:37187;t:0.331;nodes:183;fails:81;restarts:0)(obj:37212;t:0.345;nodes:213;fails:113;restarts:0)(obj:37271;t:0.483;nodes:520;fails:413;restarts:0)(obj:37302;t:0.569;nodes:753;fails:645;restarts:0)(obj:37377;t:0.935;nodes:2336;fails:2225;restarts:0)(obj:37415;t:0.952;nodes:2430;fails:2317;restarts:0)(obj:37438;t:0.953;nodes:2439;fails:2322;restarts:0)(obj:37508;t:0.958;nodes:2461;fails:2349;restarts:0)(obj:37512;t:1.153;nodes:3370;fails:3246;restarts:0)(obj:37647;t:1.860;nodes:6743;fails:6626;restarts:0)(obj:37678;t:1.993;nodes:7429;fails:7313;restarts:0)(obj:37679;t:3.160;nodes:12660;fails:12540;restarts:0)(obj:37697;t:8.011;nodes:36719;fails:36593;restarts:0)(obj:37740;t:8.026;nodes:36809;fails:36676;restarts:0)(obj:37791;t:22.627;nodes:108965;fails:108834;restarts:0)(obj:37971;t:39.635;nodes:188534;fails:188404;restarts:0)(obj:38000;t:1477.226;nodes:7879814;fails:7879682;restarts:0),false,1800.009,9631014,9630890,0,-f -varh DOMWDEG -last -lc 1 -best Best -bestRate 1 -restarts NONE;0;1.0;0;false -limit 00h30m00s data/xcsp/cop23/GeneralizedMKP-0-OR05x100-50-1_c23.xml.lzma
data/xcsp/cop23/GeneralizedMKP-0-OR05x100-75-1_c23.xml.lzma,1800,(varsel=DOMWDEG;flushRate=2147483647),(valsel=MIN;best=Best;bestFreq=1;last=true),(pol=NONE;cutoff=0;offset=0;geo=1.0;resetOnSolution=false),(obj:54315;t:0.237;nodes:106;fails:0;restarts:0)(obj:54974;t:0.240;nodes:112;fails:7;restarts:0)(obj:55199;t:0.243;nodes:118;fails:12;restarts:0)(obj:55250;t:0.244;nodes:124;fails:17;restarts:0)(obj:55442;t:0.263;nodes:145;fails:39;restarts:0)(obj:55802;t:0.273;nodes:166;fails:55;restarts:0)(obj:55824;t:0.355;nodes:320;fails:212;restarts:0)(obj:55826;t:0.356;nodes:326;fails:217;restarts:0)(obj:55882;t:0.357;nodes:332;fails:222;restarts:0)(obj:56259;t:0.381;nodes:390;fails:272;restarts:0)(obj:56283;t:0.483;nodes:642;fails:527;restarts:0)(obj:56457;t:0.565;nodes:874;fails:751;restarts:0)(obj:56648;t:1.006;nodes:2823;fails:2702;restarts:0)(obj:56840;t:1.663;nodes:6912;fails:6784;restarts:0)(obj:57014;t:1.668;nodes:6942;fails:6817;restarts:0)(obj:57042;t:3.826;nodes:21337;fails:21207;restarts:0)(obj:57181;t:3.832;nodes:21384;fails:21254;restarts:0)(obj:57206;t:51.006;nodes:372239;fails:372110;restarts:0)(obj:57256;t:76.154;nodes:563601;fails:563470;restarts:0)(obj:57286;t:77.768;nodes:575929;fails:575797;restarts:0)(obj:57303;t:95.083;nodes:705539;fails:705404;restarts:0)(obj:57506;t:435.923;nodes:3374580;fails:3374442;restarts:0),false,1800.014,14122441,14122322,0,-f -varh DOMWDEG -last -lc 1 -best Best -bestRate 1 -restarts NONE;0;1.0;0;false -limit 00h30m00s data/xcsp/cop23/GeneralizedMKP-0-OR05x100-75-1_c23.xml.lzma
data/xcsp/cop23/GeneralizedMKP-0-OR05x250-25-1_c23.xml.lzma,1800,(varsel=DOMWDEG;flushRate=2147483647),(valsel=MIN;best=Best;bestFreq=1;last=true),(pol=NONE;cutoff=0;offset=0;geo=1.0;resetOnSolution=false),(obj:46500;t:0.196;nodes:254;fails:0;restarts:0)(obj:46532;t:0.205;nodes:265;fails:14;restarts:0)(obj:46764;t:0.214;nodes:279;fails:32;restarts:0)(obj:46886;t:0.226;nodes:306;fails:59;restarts:0)(obj:46989;t:0.263;nodes:403;fails:156;restarts:0)(obj:47055;t:0.311;nodes:546;fails:297;restarts:0)(obj:47302;t:0.407;nodes:832;fails:577;restarts:0)(obj:47388;t:0.706;nodes:1985;fails:1733;restarts:0)(obj:47501;t:0.849;nodes:2983;fails:2730;restarts:0)(obj:47620;t:0.849;nodes:2989;fails:2735;restarts:0)(obj:47675;t:1.091;nodes:4692;fails:4432;restarts:0)(obj:47780;t:3.829;nodes:22868;fails:22606;restarts:0)(obj:47844;t:5.601;nodes:32661;fails:32407;restarts:0)(obj:47870;t:18.414;nodes:112851;fails:112582;restarts:0)(obj:48010;t:19.748;nodes:121117;fails:120851;restarts:0)(obj:48015;t:92.847;nodes:591996;fails:591743;restarts:0)(obj:48040;t:95.010;nodes:606616;fails:606360;restarts:0)(obj:48121;t:96.233;nodes:614352;fails:614101;restarts:0)(obj:48192;t:99.503;nodes:634678;fails:634410;restarts:0)(obj:48452;t:897.672;nodes:5713014;fails:5712740;restarts:0),false,1800.011,11531826,11531565,0,-f -varh DOMWDEG -last -lc 1 -best Best -bestRate 1 -restarts NONE;0;1.0;0;false -limit 00h30m00s data/xcsp/cop23/GeneralizedMKP-0-OR05x250-25-1_c23.xml.lzma
data/xcsp/cop23/GeneralizedMKP-0-OR05x250-50-1_c23.xml.lzma,1800,(varsel=DOMWDEG;flushRate=2147483647),(valsel=MIN;best=Best;bestFreq=1;last=true),(pol=NONE;cutoff=0;offset=0;geo=1.0;resetOnSolution=false),(obj:97008;t:0.265;nodes:255;fails:0;restarts:0)(obj:97273;t:0.269;nodes:261;fails:8;restarts:0)(obj:97399;t:0.277;nodes:276;fails:24;restarts:0)(obj:97417;t:0.281;nodes:287;fails:33;restarts:0)(obj:97489;t:0.281;nodes:293;fails:38;restarts:0)(obj:97680;t:0.283;nodes:302;fails:43;restarts:0)(obj:97711;t:0.292;nodes:327;fails:66;restarts:0)(obj:97853;t:0.441;nodes:717;fails:461;restarts:0)(obj:97992;t:0.639;nodes:1356;fails:1105;restarts:0)(obj:98022;t:0.643;nodes:1386;fails:1132;restarts:0)(obj:98147;t:0.996;nodes:3350;fails:3094;restarts:0)(obj:98170;t:1.251;nodes:5077;fails:4815;restarts:0)(obj:98349;t:1.252;nodes:5083;fails:4821;restarts:0)(obj:98425;t:6.590;nodes:37925;fails:37661;restarts:0)(obj:98464;t:6.627;nodes:38156;fails:37899;restarts:0)(obj:98589;t:32.124;nodes:188104;fails:187845;restarts:0)(obj:98702;t:67.939;nodes:392178;fails:391913;restarts:0)(obj:98887;t:110.608;nodes:608353;fails:608079;restarts:0),false,1800.006,10711703,10711443,0,-f -varh DOMWDEG -last -lc 1 -best Best -bestRate 1 -restarts NONE;0;1.0;0;false -limit 00h30m00s data/xcsp/cop23/GeneralizedMKP-0-OR05x250-50-1_c23.xml.lzma
data/xcsp/cop23/GeneralizedMKP-0-OR05x250-75-1_c23.xml.lzma,1800,(varsel=DOMWDEG;flushRate=2147483647),(valsel=MIN;best=Best;bestFreq=1;last=true),(pol=NONE;cutoff=0;offset=0;geo=1.0;resetOnSolution=false),(obj:138971;t:0.233;nodes:256;fails:0;restarts:0)(obj:139162;t:0.236;nodes:262;fails:7;restarts:0)(obj:139328;t:0.237;nodes:268;fails:12;restarts:0)(obj:139548;t:0.241;nodes:278;fails:22;restarts:0)(obj:140267;t:0.244;nodes:287;fails:30;restarts:0)(obj:140300;t:0.275;nodes:358;fails:103;restarts:0)(obj:140516;t:0.369;nodes:628;fails:370;restarts:0)(obj:140671;t:0.371;nodes:634;fails:377;restarts:0)(obj:140759;t:1.601;nodes:7884;fails:7626;restarts:0)(obj:140799;t:5.673;nodes:34725;fails:34468;restarts:0)(obj:140957;t:19.428;nodes:122427;fails:122166;restarts:0)(obj:140962;t:28.825;nodes:181371;fails:181100;restarts:0)(obj:141013;t:29.148;nodes:183582;fails:183314;restarts:0)(obj:141096;t:44.995;nodes:286029;fails:285754;restarts:0)(obj:141180;t:154.148;nodes:980561;fails:980289;restarts:0)(obj:141183;t:156.267;nodes:995060;fails:994784;restarts:0)(obj:141285;t:156.352;nodes:995613;fails:995342;restarts:0)(obj:141475;t:598.978;nodes:3855136;fails:3854856;restarts:0)(obj:141491;t:800.745;nodes:5148740;fails:5148462;restarts:0)(obj:141511;t:806.503;nodes:5185185;fails:5184902;restarts:0),false,1800.006,11675746,11675475,0,-f -varh DOMWDEG -last -lc 1 -best Best -bestRate 1 -restarts NONE;0;1.0;0;false -limit 00h30m00s data/xcsp/cop23/GeneralizedMKP-0-OR05x250-75-1_c23.xml.lzma
data/xcsp/cop23/GeneralizedMKP-0-OR05x500-25-1_c23.xml.lzma,1800,(varsel=DOMWDEG;flushRate=2147483647),(valsel=MIN;best=Best;bestFreq=1;last=true),(pol=NONE;cutoff=0;offset=0;geo=1.0;resetOnSolution=false),(obj:99236;t:0.303;nodes:504;fails:0;restarts:0)(obj:99281;t:0.310;nodes:510;fails:7;restarts:0)(obj:99526;t:0.313;nodes:518;fails:12;restarts:0)(obj:99767;t:0.314;nodes:523;fails:16;restarts:0)(obj:99942;t:0.316;nodes:529;fails:21;restarts:0)(obj:100451;t:0.318;nodes:536;fails:26;restarts:0)(obj:100517;t:0.321;nodes:543;fails:32;restarts:0)(obj:100518;t:0.322;nodes:549;fails:37;restarts:0)(obj:100787;t:0.339;nodes:572;fails:62;restarts:0)(obj:100926;t:0.445;nodes:759;fails:249;restarts:0)(obj:101303;t:0.488;nodes:929;fails:421;restarts:0)(obj:101375;t:0.586;nodes:1365;fails:858;restarts:0)(obj:101451;t:0.781;nodes:2554;fails:2042;restarts:0)(obj:101468;t:1.406;nodes:6683;fails:6167;restarts:0)(obj:101572;t:1.415;nodes:6743;fails:6224;restarts:0)(obj:101608;t:1.590;nodes:7870;fails:7343;restarts:0)(obj:101619;t:1.597;nodes:7920;fails:7395;restarts:0)(obj:101633;t:2.200;nodes:12162;fails:11636;restarts:0)(obj:101702;t:13.300;nodes:79487;fails:78959;restarts:0)(obj:101717;t:13.307;nodes:79527;fails:78997;restarts:0)(obj:101859;t:13.320;nodes:79612;fails:79079;restarts:0)(obj:101880;t:74.751;nodes:429788;fails:429256;restarts:0)(obj:101901;t:168.756;nodes:946953;fails:946415;restarts:0)(obj:101931;t:169.526;nodes:951175;fails:950635;restarts:0)(obj:101935;t:172.806;nodes:969069;fails:968538;restarts:0)(obj:101969;t:212.651;nodes:1175637;fails:1175096;restarts:0)(obj:102045;t:280.170;nodes:1550273;fails:1549727;restarts:0)(obj:102062;t:777.784;nodes:4160907;fails:4160373;restarts:0)(obj:102067;t:777.904;nodes:4161478;fails:4160946;restarts:0)(obj:102177;t:790.401;nodes:4224140;fails:4223600;restarts:0)(obj:102179;t:1102.219;nodes:5740318;fails:5739778;restarts:0)(obj:102260;t:1102.256;nodes:5740505;fails:5739954;restarts:0),false,1800.007,9240139,9239603,0,-f -varh DOMWDEG -last -lc 1 -best Best -bestRate 1 -restarts NONE;0;1.0;0;false -limit 00h30m00s data/xcsp/cop23/GeneralizedMKP-0-OR05x500-25-1_c23.xml.lzma
data/xcsp/cop23/GeneralizedMKP-0-OR05x500-50-1_c23.xml.lzma,1800,(varsel=DOMWDEG;flushRate=2147483647),(valsel=MIN;best=Best;bestFreq=1;last=true),(pol=NONE;cutoff=0;offset=0;geo=1.0;resetOnSolution=false),(obj:193988;t:0.234;nodes:504;fails:0;restarts:0)(obj:194765;t:0.239;nodes:510;fails:8;restarts:0)(obj:194860;t:0.241;nodes:516;fails:15;restarts:0)(obj:195389;t:0.243;nodes:523;fails:20;restarts:0)(obj:195451;t:0.246;nodes:529;fails:27;restarts:0)(obj:195542;t:0.323;nodes:662;fails:168;restarts:0)(obj:195575;t:0.360;nodes:805;fails:300;restarts:0)(obj:195601;t:0.360;nodes:811;fails:305;restarts:0)(obj:195689;t:0.363;nodes:827;fails:319;restarts:0)(obj:195712;t:0.472;nodes:1227;fails:721;restarts:0)(obj:195753;t:0.519;nodes:1415;fails:914;restarts:0)(obj:195814;t:0.638;nodes:1886;fails:1380;restarts:0)(obj:195828;t:0.643;nodes:1918;fails:1405;restarts:0)(obj:195841;t:0.870;nodes:3220;fails:2709;restarts:0)(obj:196107;t:0.875;nodes:3252;fails:2739;restarts:0)(obj:196219;t:4.301;nodes:22838;fails:22319;restarts:0)(obj:196269;t:23.638;nodes:131607;fails:131077;restarts:0)(obj:196378;t:23.652;nodes:131692;fails:131165;restarts:0)(obj:196379;t:23.678;nodes:131831;fails:131310;restarts:0)(obj:196534;t:26.231;nodes:146272;fails:145741;restarts:0)(obj:196604;t:31.376;nodes:173982;fails:173448;restarts:0)(obj:196688;t:286.320;nodes:1528999;fails:1528461;restarts:0)(obj:196693;t:288.420;nodes:1539129;fails:1538601;restarts:0)(obj:196855;t:290.319;nodes:1548484;fails:1547946;restarts:0)(obj:196901;t:576.139;nodes:2992094;fails:2991550;restarts:0),false,1800.011,9383104,9382574,0,-f -varh DOMWDEG -last -lc 1 -best Best -bestRate 1 -restarts NONE;0;1.0;0;false -limit 00h30m00s data/xcsp/cop23/GeneralizedMKP-0-OR05x500-50-1_c23.xml.lzma
data/xcsp/cop23/GeneralizedMKP-0-OR05x500-75-1_c23.xml.lzma,1800,(varsel=DOMWDEG;flushRate=2147483647),(valsel=MIN;best=Best;bestFreq=1;last=true),(pol=NONE;cutoff=0;offset=0;geo=1.0;resetOnSolution=false),(obj:274999;t:0.245;nodes:505;fails:0;restarts:0)(obj:275024;t:0.249;nodes:511;fails:6;restarts:0)(obj:275333;t:0.252;nodes:518;fails:13;restarts:0)(obj:275515;t:0.256;nodes:525;fails:21;restarts:0)(obj:275754;t:0.272;nodes:550;fails:49;restarts:0)(obj:276009;t:0.281;nodes:560;fails:62;restarts:0)(obj:276150;t:0.300;nodes:595;fails:96;restarts:0)(obj:276471;t:0.301;nodes:601;fails:101;restarts:0)(obj:276557;t:0.742;nodes:2274;fails:1766;restarts:0)(obj:276607;t:0.847;nodes:2897;fails:2387;restarts:0)(obj:276633;t:0.944;nodes:3512;fails:2996;restarts:0)(obj:276653;t:0.970;nodes:3662;fails:3150;restarts:0)(obj:276678;t:0.971;nodes:3671;fails:3156;restarts:0)(obj:276760;t:0.975;nodes:3698;fails:3179;restarts:0)(obj:276787;t:2.768;nodes:14367;fails:13855;restarts:0)(obj:276792;t:2.768;nodes:14373;fails:13860;restarts:0)(obj:277096;t:2.786;nodes:14475;fails:13953;restarts:0)(obj:277098;t:268.993;nodes:1493661;fails:1493139;restarts:0)(obj:277258;t:644.066;nodes:3495090;fails:3494560;restarts:0)(obj:277260;t:738.171;nodes:3998185;fails:3997651;restarts:0)(obj:277268;t:751.213;nodes:4068276;fails:4067739;restarts:0)(obj:277491;t:751.216;nodes:4068297;fails:4067761;restarts:0)(obj:277508;t:1631.690;nodes:8908217;fails:8907682;restarts:0),false,1800.007,9845290,9844767,0,-f -varh DOMWDEG -last -lc 1 -best Best -bestRate 1 -restarts NONE;0;1.0;0;false -limit 00h30m00s data/xcsp/cop23/GeneralizedMKP-0-OR05x500-75-1_c23.xml.lzma
